Date,Open,High,Low,Close,Adj Close,Volume_M
1/3/2012,325.250885,332.827484,324.966949,663.588135,331.462585,7.3805
1/4/2012,331.273315,333.873566,329.076538,666.450317,332.892242,5.7494
1/5/2012,329.828735,330.7453,326.88974,657.205627,328.274536,6.5903
1/6/2012,328.344299,328.7677,323.681763,648.240295,323.796326,5.4059
1/9/2012,322.042908,322.291962,309.455078,620.755737,310.06778,11.6888
1/10/2012,313.699188,315.716614,307.303162,621.433899,310.406525,8.824
1/11/2012,310.585846,313.519836,309.400299,624.246155,311.811249,4.8178
1/12/2012,314.431427,315.263306,312.080261,627.916077,313.644379,3.7644
1/13/2012,311.960693,312.304413,309.370392,623.278809,311.328064,4.6318
1/17/2012,314.810028,314.810028,311.671783,626.859009,313.116364,3.8328
1/18/2012,312.144989,315.816254,309.898438,631.177124,315.273285,5.544
1/19/2012,319.298187,319.298187,314.550995,637.818909,318.590851,12.6578
1/20/2012,294.162415,294.396515,289.763885,584.385559,291.900879,21.2318
1/23/2012,291.905853,293.230896,290.49118,583.91687,291.666748,6.8513
1/24/2012,292.065277,292.742737,287.920807,579.339478,289.380341,6.1344
1/25/2012,287.676727,288.274475,282.132507,567.930786,283.681702,10.0127
1/26/2012,284.922028,286.167389,281.220917,566.544556,282.989288,6.4765
1/27/2012,284.32428,289.076477,283.60199,578.392029,288.907104,7.262
1/30/2012,287.945709,288.917053,285.629395,576.108337,287.766388,4.6784
1/31/2012,290.411469,290.909607,286.501129,578.521667,288.971863,4.3007
2/1/2012,291.377838,291.656799,288.488678,579.239685,289.330505,4.6587
2/2/2012,291.342987,292.110107,289.953186,583.507996,291.462524,4.8474
2/3/2012,294.227173,297.420197,292.927032,594.697266,297.051575,6.3607
2/6/2012,296.394043,304.274506,295.895905,607.422363,303.407745,7.3867
2/7/2012,302.441376,303.55719,300.752716,605.108704,302.252075,4.1997
2/8/2012,303.183594,304.533539,301.240875,608.180298,303.786346,3.6864
2/9/2012,304.867279,306.102661,303.362915,609.785828,304.588318,4.5463
2/10/2012,302.805023,302.929535,300.872253,604.251099,301.8237,4.6677
2/13/2012,304.110107,305.773895,303.871002,610.523804,304.95694,3.6461
2/14/2012,304.628174,304.85733,301.250824,608.090515,303.741516,3.6209
2/15/2012,305.320587,305.320587,300.154938,603.902039,301.649353,4.8699
2/16/2012,300.284454,303.26828,297.748962,604.859436,302.127563,5.0807
2/17/2012,301.355438,302.680481,300.075256,602.984558,301.191071,4.9164
2/21/2012,300.807495,307.786346,300.314362,612.318909,305.853577,4.9801
2/22/2012,304.837402,307.238403,302.222198,606.275513,302.8349,3.9487
2/23/2012,302.366669,302.8349,299.054077,604.4505,301.923309,4.1253
2/24/2012,302.541016,304.682983,301.624451,608.230164,303.811249,3.8856
2/27/2012,302.162415,305.036652,301.400269,607.641724,303.517334,3.6413
2/28/2012,303.861053,308.727814,302.705383,616.696838,308.040375,5.7164
2/29/2012,308.144989,311.631927,306.6008,616.557251,307.970642,6.2972
3/1/2012,309.96817,311.681732,307.920837,620.695923,310.037903,4.492
3/2/2012,309.838654,310.8349,309.001801,619.549072,309.465057,3.1583
3/5/2012,309.05658,310.082733,304.548492,612.568237,305.978119,3.1984
3/6/2012,302.889709,303.26828,295.811218,603.30365,301.350464,6.3725
3/7/2012,303.387817,304.453827,301.798798,605.138611,302.267029,2.5384
3/8/2012,303.880981,304.608246,302.042877,605.477722,302.436401,2.7009
3/9/2012,302.839874,304.807495,298.87973,598.606567,299.004272,5.3611
3/12/2012,298.87973,302.366669,298.511108,603.493103,301.445099,3.3504
3/13/2012,303.238403,307.771393,301.644348,616.088562,307.736542,4.5083
3/14/2012,306.351715,310.227203,305.584595,614.303467,306.844879,5.8957
3/15/2012,307.148743,310.585846,306.267029,619.429382,309.405273,4.8883
3/16/2012,309.285736,311.786346,308.867279,623.328674,311.352966,6.1238
3/19/2012,310.396545,317.445129,309.460052,632.244202,315.806274,4.3618
3/20/2012,314.281982,316.842407,312.463806,631.755554,315.562195,3.0924
3/21/2012,316.120117,322.486237,315.074036,638.227783,318.795074,4.9576
3/22/2012,318.057831,323.188599,314.321838,644.281189,321.818756,4.8384
3/23/2012,322.092712,323.039185,319.253357,640.830627,320.095215,3.8948
3/26/2012,321.295715,323.532318,318.575897,647.552124,323.452606,3.6519
3/27/2012,322.306915,325.529846,321.196075,645.248535,322.301941,4.0294
3/28/2012,324.797577,328.065338,324.324341,653.964539,326.655609,5.0967
3/29/2012,325.499939,327.069061,320.947021,646.634644,322.994324,3.8629
3/30/2012,324.658112,325.524841,319.303162,639.484314,319.422729,4.6387
4/2/2012,319.188599,322.541046,316.23468,645.148743,322.252106,4.5854
4/3/2012,321.499939,322.765198,318.127594,640.860535,320.110138,4.105
4/4/2012,318.032928,318.306915,314.371643,633.411011,316.389099,3.2673
4/5/2012,314.939514,317.026703,313.111389,630.588745,314.97937,4.6547
4/9/2012,313.066559,316.47876,311.477509,629.112854,314.242157,4.3816
4/10/2012,315.577148,316.065308,311.108887,625.143738,312.259583,4.9825
4/11/2012,315.8013,316.8125,314.471283,634.21875,316.792572,4.4143
4/12/2012,319.975647,325.350494,318.93454,649.2276,324.28949,11.5563
4/13/2012,322.565948,323.283264,310.605774,622.889893,311.133789,16.3797
4/16/2012,310.336792,310.740265,299.706635,604.410583,301.903381,11.4267
4/17/2012,303.143738,307.691681,302.371643,607.901001,303.646851,6.0704
4/18/2012,302.889709,305.255829,300.27948,605.786865,302.59082,5.3589
4/19/2012,301.714111,306.97937,298.381592,597.65918,298.531036,6.6138
4/20/2012,300.996796,303.288208,296.802521,594.42804,296.917084,6.1397
4/23/2012,295.342987,298.107605,293.998016,595.963806,297.684204,4.4119
4/24/2012,298.003021,302.182343,297.544739,599.623779,299.51236,3.8726
4/25/2012,300.872253,304.533539,300.314362,608.050659,303.721588,3.6558
4/26/2012,304.314362,307.84613,303.711609,613.784912,306.585846,4.2006
4/27/2012,306.361694,307.218475,304.159943,613.296265,306.341766,3.2849
4/30/2012,305.350464,306.889709,299.183594,603.19397,301.295685,4.8326
5/1/2012,300.767639,304.658081,298.974365,602.775085,301.086456,4.0196
5/2/2012,299.477478,302.919586,299.183594,605.597412,302.496185,3.235
5/3/2012,303.671753,306.267029,303.338013,609.347046,304.369141,3.7499
5/4/2012,301.828674,302.809998,297.29068,595.335571,297.370392,4.4313
5/7/2012,296.389069,304.144989,296.389069,605.886536,302.640625,4.0038
5/8/2012,301.634399,307.298157,299.228424,611.112244,305.250854,5.3746
5/9/2012,302.276978,307.039154,299.781342,607.482239,303.437653,4.675
5/10/2012,305.335541,306.944489,303.975616,611.979858,305.684235,3.0832
5/11/2012,304.0354,306.127563,301.255829,603.572937,301.484955,4.2144
5/14/2012,299.26828,303.113861,299.16864,602.346252,300.872253,3.6624
5/15/2012,301.544739,306.351715,300.747711,609.436829,304.413971,4.2199
5/16/2012,307.826202,313.873535,306.819977,627.208008,313.29071,9.7063
5/17/2012,315.731567,317.73407,309.455078,621.344116,310.361694,6.7327
5/18/2012,311.382874,315.029205,297.235901,598.756165,299.078979,11.9917
5/21/2012,299.133759,306.695435,298.87973,612.428589,305.908386,6.1738
5/22/2012,305.574646,305.758942,296.887207,599.155029,299.278229,6.1266
5/23/2012,299.70163,303.661804,297.445099,607.791382,303.592072,6.3799
5/24/2012,303.442627,304.817474,298.316833,602.007202,300.702881,3.7966
5/25/2012,299.377869,299.741486,293.041595,589.910461,294.660553,7.1905
5/29/2012,296.792542,298.44635,293.061523,592.712769,296.060303,5.2309
5/30/2012,292.981842,294.844849,290.675476,586.619446,293.016693,3.8276
5/31/2012,293.260773,293.898407,288.418945,579.269653,289.345459,5.9588
6/1/2012,284.827393,285.255798,283.113831,569.416687,284.42392,6.1387
6/4/2012,284.045319,289.161163,283.940735,577.005859,288.214691,4.8835
6/5/2012,286.650574,287.985565,282.177338,568.848267,284.139984,4.6972
6/6/2012,287.163635,289.898376,285.734009,578.980408,289.200989,4.2072
6/7/2012,292.702881,292.847351,287.547211,576.646851,288.03537,3.5301
6/8/2012,286.849823,289.415192,286.217194,578.860779,289.141235,2.8313
6/11/2012,291.014221,291.567139,282.286926,566.943481,283.188538,5.3421
6/12/2012,283.821167,284.085175,278.24707,563.552734,281.494873,6.4725
6/13/2012,279.811188,282.441345,278.296875,559.553772,279.497375,3.923
6/14/2012,279.60199,281.47995,277.220917,557.519348,278.481171,4.7072
6/15/2012,279.123779,281.205963,277.504852,562.964417,281.200989,6.0248
6/18/2012,280.259521,286.032867,278.580811,569.287048,284.359161,5.0124
6/19/2012,285.72403,291.049072,285.489899,579.937805,289.679199,4.1679
6/20/2012,288.822418,288.917053,285.684174,575.928833,287.676727,4.7108
6/21/2012,288.837372,288.837372,280.812439,563.662476,281.549683,4.0376
6/22/2012,282.939484,284.672974,281.853546,569.915344,284.672974,4.4724
6/25/2012,282.605713,282.984314,277.634369,559.164856,279.303101,3.1749
6/26/2012,280.329254,282.242096,278.695374,563.133972,281.285675,2.7105
6/27/2012,282.790039,285.923279,281.953156,567.741272,283.587036,3.3972
6/28/2012,281.893402,282.05777,277.564606,562.764954,281.101349,3.8561
6/29/2012,286.406464,288.981812,285.031647,578.481812,288.951935,5.0578
7/2/2012,289.823669,290.411469,287.173615,578.880676,289.151184,3.3233
7/3/2012,288.922058,293.106354,287.920807,586.22052,292.817444,2.3878
7/5/2012,293.280701,298.909607,293.171112,594.288452,296.847351,4.7092
7/6/2012,295.118835,295.651825,290.321808,584.37561,291.895905,4.3397
7/9/2012,291.382813,293.201019,289.539734,584.405579,291.910858,3.443
7/10/2012,293.993042,295.108856,288.289429,580.1073,289.763885,3.8605
7/11/2012,287.073975,287.846069,281.415192,569.626099,284.528503,7.0247
7/12/2012,282.501129,284.897125,279.995514,568.91803,284.174835,4.6368
7/13/2012,285.006714,288.493652,283.21344,574.941528,287.183563,3.9667
7/16/2012,287.108856,288.51358,284.822418,573.345947,286.386566,2.9361
7/17/2012,288.13501,289.250824,283.138733,575.15094,287.288177,3.3727
7/18/2012,287.41272,290.755188,286.989288,579.169922,289.295654,3.1079
7/19/2012,291.975616,298.122559,291.905853,591.436218,295.422668,9.3843
7/20/2012,303.243378,305.325562,297.973114,609.147644,304.269531,12.9758
7/23/2012,299.118835,308.020477,298.007996,613.824768,306.605774,7.15
7/24/2012,306.351715,307.811249,301.041626,605.906555,302.650604,4.0338
7/25/2012,303.0242,305.544739,301.554688,606.325378,302.859802,3.6596
7/26/2012,306.351715,307.283234,303.876007,611.680664,305.53479,3.3829
7/27/2012,308.289459,316.314362,307.597046,633.221558,316.294464,7.1259
7/30/2012,316.837402,320.100189,313.574646,630.568787,314.969421,4.3897
7/31/2012,312.95697,317.061584,312.937042,631.236938,315.303162,3.7451
8/1/2012,317.460083,318.560944,314.511139,630.947815,315.158722,3.7029
8/2/2012,311.587097,317.82373,310.541016,627.028503,313.20105,3.9701
8/3/2012,318.805054,320.658081,316.882233,639.574097,319.46756,3.8083
8/6/2012,318.610779,323.477539,318.416504,641.059998,320.209778,3.578
8/7/2012,319.696686,320.927094,317.046631,638.786255,319.074036,3.9783
8/8/2012,318.331818,321.729095,318.057831,640.471558,319.915863,2.6542
8/9/2012,321.051605,321.978149,319.562195,640.591248,319.975647,2.1485
8/10/2012,318.102661,319.920868,316.877258,640.242249,319.8013,2.8798
8/13/2012,322.50119,328.842407,322.132568,658.202942,328.772675,6.5602
8/14/2012,328.394104,335.168701,328.269562,666.829285,333.081543,7.3508
8/15/2012,333.888489,335.866089,330.810028,665.712341,332.523621,4.8394
8/16/2012,332.508667,336.060364,332.294464,671.027771,335.17868,3.4482
8/17/2012,335.801331,337.360504,334.595856,675.286011,337.305695,4.3716
8/20/2012,336.48877,338.16748,335.074066,673.69043,336.508698,3.5293
8/21/2012,335.298218,337.7341,329.848633,667.676941,333.504944,4.461
8/22/2012,332.443909,339.029236,332.105194,675.325928,337.325623,3.8326
8/23/2012,335.876068,338.969452,334.247162,674.94696,337.136322,3.5817
8/24/2012,336.538574,338.954529,335.781403,676.771973,338.047913,2.8638
8/27/2012,330.257111,334.7453,328.38913,667.387695,333.360474,5.2469
8/28/2012,331.258362,337.5448,331.128845,675.395752,337.360504,4.1326
8/29/2012,337.420258,343.208557,336.812531,686.126282,342.720398,6.0029
8/30/2012,340.842438,342.41156,338.820007,679.813599,339.56723,3.2659
8/31/2012,340.7229,343.004333,338.750275,683.214233,341.265839,4.27
9/4/2012,340.996857,341.221008,335.492493,679.175354,339.248413,3.7932
9/5/2012,338.730347,341.968231,338.301971,678.856262,339.08902,3.4291
9/6/2012,341.699219,348.638214,341.086517,697.485107,348.394135,6.1097
9/7/2012,348.693024,354.795135,347.532349,704.216614,351.756531,6.4901
9/10/2012,353.554779,355.074097,347.891022,698.851318,349.076569,5.1391
9/11/2012,347.676819,349.016785,344.209808,690.2948,344.802582,3.7615
9/12/2012,343.417786,346.157532,339.168701,688.988464,344.150055,5.3043
9/13/2012,345.250916,353.176208,343.980682,704.106873,351.701721,5.3379
9/14/2012,353.475098,355.168732,352.184937,707.737,353.514954,5.2565
9/17/2012,352.73288,355.108978,351.183685,708.036072,353.664368,3.0278
9/18/2012,352.568481,357.988159,352.070343,716.313416,357.798889,4.149
9/19/2012,357.410339,362.919678,356.867371,725.508118,362.391663,6.2197
9/20/2012,360.882324,364.324432,359.263397,726.126465,362.7005,5.8365
9/21/2012,364.737885,366.087799,363.696777,731.980347,365.624542,12.7658
9/24/2012,364.135132,373.619568,363.761536,747.328247,373.290802,7.1542
9/25/2012,375.118958,381.016846,372.434021,747.108826,373.181213,12.1624
9/26/2012,373.524933,379.198669,369.116455,751.397095,375.323212,11.3882
9/27/2012,378.556091,379.995697,374.42157,754.428772,376.837524,7.8916
9/28/2012,375.666901,378.2323,374.172516,752.434204,375.841248,5.5877
10/1/2012,378.107758,381.071655,376.693054,759.694275,379.467651,6.3597
10/2/2012,381.171265,381.564789,373.734161,754.917419,377.081604,5.6012
10/3/2012,376.448975,380.533661,374.695557,760.412354,379.826324,4.4331
10/4/2012,379.950836,383.507507,378.282104,765.947083,382.590942,4.9267
10/5/2012,383.915985,385.744141,381.07663,765.548218,382.391693,5.4922
10/8/2012,379.079132,380.364288,375.666901,755.765076,377.505005,3.9318
10/9/2012,378.416595,379.238525,369.878601,742.052734,370.655701,6.0289
10/10/2012,369.544861,372.369263,367.76651,742.521423,370.889801,4.095
10/11/2012,375.04425,377.833801,373.74411,749.422485,374.336884,4.7856
10/12/2012,374.52121,376.025574,370.660675,742.710938,370.984467,4.8264
10/15/2012,369.584717,370.526184,363.985687,738.951233,369.106506,6.0607
10/16/2012,368.683075,372.100281,366.85495,742.661072,370.959564,4.1318
10/17/2012,370.585968,376.757813,368.747833,753.421509,376.334412,4.6029
10/18/2012,376.359314,378.292053,336.737823,693.097168,346.202362,24.9779
10/19/2012,351.472595,352.030518,334.7453,679.923279,339.622009,23.0504
10/22/2012,339.233459,341.036713,333.599579,676.811829,338.067841,8.1415
10/23/2012,334.750275,342.381683,334.7453,678.487244,338.904694,5.855
10/24/2012,342.117645,342.217285,336.374176,675.445618,337.385406,5.0116
10/25/2012,338.730347,339.726624,335.497467,675.904297,337.614532,4.8201
10/26/2012,336.986877,340.239685,334.346771,673.301514,336.314423,3.9162
10/31/2012,338.660614,339.228485,336.239685,678.437378,338.879791,3.0854
11/1/2012,338.481293,344.160004,338.092743,685.707397,342.511169,4.1155
11/2/2012,346.097748,346.476318,342.401581,686.036499,342.675568,4.6661
11/5/2012,340.971954,342.147552,336.518646,681.090088,340.204834,3.2839
11/6/2012,341.460114,341.968231,337.509918,679.853516,339.587158,3.1773
11/7/2012,336.239685,337.848663,332.00058,665.293457,332.314392,4.4812
11/8/2012,333.848663,334.491241,324.399078,650.504089,324.927094,5.2133
11/9/2012,326.102692,332.922119,323.935822,661.214661,330.277039,6.2515
11/12/2012,330.635681,333.649414,329.20108,664.076843,331.706696,2.8223
11/13/2012,330.262085,332.553497,327.886017,657.245544,328.294464,3.2002
11/14/2012,329.096466,329.853638,324.035431,650.763367,325.05661,3.3492
11/15/2012,323.786377,328.7677,320.747772,645.487854,322.421478,3.7115
11/16/2012,321.788849,325.290741,316.8125,645.40802,322.381622,6.902
11/19/2012,326.625732,333.211029,326.541046,666.380493,332.857361,4.7541
11/20/2012,333.504944,337.7341,331.044159,668.13562,333.73407,4.1929
11/21/2012,333.245911,333.649414,328.966949,664.046875,331.691742,4.2402
11/23/2012,333.73407,333.749023,331.806305,666.141174,332.737823,1.8518
11/26/2012,331.975677,332.254639,328.279541,659.339783,329.340546,4.4257
11/27/2012,328.852386,336.239685,327.771423,668.873596,334.102692,5.0361
11/28/2012,332.757751,341.176178,330.705444,681.798157,340.558502,6.1067
11/29/2012,342.605835,345.654388,339.726624,689.995667,344.653168,5.5737
11/30/2012,344.364227,348.304474,341.564728,696.457886,347.881042,6.3508
12/3/2012,349.808838,351.627014,345.759003,693.346436,346.326874,4.4013
12/4/2012,346.202362,346.45639,341.569702,689.138,344.224762,3.9982
12/5/2012,344.782684,345.953278,339.890991,685.936829,342.625763,3.7387
12/6/2012,342.511169,346.506195,340.976929,689.237732,344.274567,2.9355
12/7/2012,346.202362,347.138824,339.935852,682.33667,340.827484,3.8529
12/10/2012,341.415283,344.5336,340.618286,683.543396,341.430237,2.7436
12/11/2012,343.71167,349.649414,342.575928,694.971985,347.138824,5.3952
12/12/2012,348.309448,350.441467,345.44519,695.650146,347.47757,4.8701
12/13/2012,356.623291,356.897247,348.468842,700.776062,350.037964,6.9155
12/14/2012,348.279572,352.588409,347.91095,700.038086,349.669342,4.2761
12/17/2012,351.432739,359.612091,350.695496,718.80658,359.04422,6.0934
12/18/2012,356.962006,363.18869,356.189911,719.095703,359.18866,6.0323
12/19/2012,359.009338,360.150055,357.001862,718.138428,358.71048,3.8515
12/20/2012,360.279572,360.971985,357.146332,720.382263,359.831268,3.3264
12/21/2012,355.651917,358.067871,353.93338,713.670654,356.478821,7.0783
12/24/2012,355.920929,356.254669,352.414063,707.557434,353.425262,1.688
12/26/2012,352.712952,355.108978,349.893524,706.929138,353.11145,2.3735
12/27/2012,352.249695,353.096497,348.00061,704.356201,351.826263,3.307
12/28/2012,349.534851,352.135101,348.697998,698.093445,348.697998,2.8145
12/31/2012,348.693024,353.958282,346.70047,705.443237,352.369232,4.0096
1/2/2013,358.36676,362.142609,356.937103,721.269775,360.274597,5.1015
1/3/2013,361.111481,364.598389,359.014313,721.68866,360.483826,4.6537
1/4/2013,363.308228,369.350586,362.481323,735.949463,367.607117,5.5476
1/7/2013,366.351837,368.309479,363.925903,732.738342,366.003143,3.3238
1/8/2013,366.396667,366.775238,360.862396,731.292236,365.280823,3.3647
1/9/2013,364.767761,367.796417,362.939606,736.09906,367.681824,4.0645
1/10/2013,370.028046,371.108978,365.380463,739.44989,369.35556,3.685
1/11/2013,369.614594,369.828796,366.775238,737.963928,368.613342,2.5799
1/14/2013,367.123932,369.714233,359.826294,721.269775,360.274597,5.7492
1/15/2013,358.32193,366.127655,354.720428,722.94519,361.111481,7.8847
1/16/2013,359.851196,360.817566,355.502502,713.231812,356.259644,4.0619
1/17/2013,357.514954,358.476349,354.182434,709.372437,354.331879,4.4395
1/18/2013,353.853668,355.054169,349.35553,702.581116,350.939606,6.4777
1/22/2013,351.014313,351.353027,346.461365,700.945557,350.12265,7.6131
1/23/2013,366.620819,373.101532,366.521179,739.469849,369.36554,11.8624
1/24/2013,369.236023,377.001892,368.872375,752.14502,375.696808,6.7906
1/25/2013,373.983215,377.823822,373.724182,751.606506,375.427795,4.4684
1/28/2013,374.476379,376.389191,372.548584,748.674561,373.963287,3.2663
1/29/2013,371.980713,377.061676,371.876129,751.616516,375.4328,3.5072
1/30/2013,375.462677,379.054199,375.049225,751.766052,375.507507,3.4789
1/31/2013,373.853699,377.395416,373.724182,753.620972,376.434021,3.2805
2/1/2013,377.684357,386.850006,377.634521,773.476501,386.351868,7.5201
2/4/2013,382.411621,383.796448,377.719208,756.941833,378.092804,6.1037
2/5/2013,379.14389,384.115234,378.316986,763.643494,381.440277,3.7553
2/6/2013,378.117737,385.036774,377.833801,768.06134,383.647003,4.1717
2/7/2013,383.412872,387.950867,381.320709,771.830994,385.529938,5.7016
2/8/2013,388.608398,391.86618,388.324463,783.219727,391.218628,6.0627
2/11/2013,387.746643,390.038055,385.430298,780.277771,389.749115,4.3518
2/12/2013,389.415375,392.478882,388.229828,778.5625,388.892334,3.7319
2/13/2013,388.608398,391.208649,388.528687,780.716553,389.968292,2.4052
2/14/2013,388.409149,392.897339,387.4328,785.663025,392.439056,3.4835
2/15/2013,392.229828,395.148895,392.06543,790.719116,394.964569,5.48
2/19/2013,396.508789,401.993225,396.155121,804.64093,401.918518,5.8855
2/20/2013,401.146393,402.974548,394.416626,790.290283,394.750366,5.549
2/21/2013,397.51004,401.22113,394.13269,793.351868,396.279633,7.039
2/22/2013,398.137695,399.128967,395.417877,797.520447,398.361847,4.1231
2/25/2013,399.652008,402.695587,393.769043,788.604919,393.908539,4.625
2/26/2013,396.015625,396.488861,390.735413,787.966675,393.589722,4.4215
2/27/2013,395.916016,400.872437,394.077911,797.59021,398.396698,4.0673
2/28/2013,399.05426,401.988251,399.019379,799.006348,399.104065,4.5485
3/1/2013,397.4104,402.062958,396.588501,803.982727,401.589752,4.367
3/4/2013,401.146393,409.883667,400.996979,819.250793,409.216156,5.5719
3/5/2013,412.917297,418.506348,412.902344,836.303955,417.734222,8.1184
3/6/2013,418.944702,420.424133,412.857513,829.103699,414.137695,5.7674
3/7/2013,415.472717,416.747925,413.241058,830.320374,414.745422,4.1207
3/8/2013,415.691895,415.901093,410.984528,829.243347,414.207458,5.8456
3/11/2013,414.292145,418.282166,414.197479,832.534302,415.851288,3.2012
3/12/2013,413.803955,414.391754,410.297119,825.344055,412.259735,4.0316
3/13/2013,412.404205,413.794006,409.619659,823.050354,411.114044,3.2948
3/14/2013,411.950897,411.950897,407.168823,819.290649,409.236084,3.3147
3/15/2013,407.721771,408.618408,405.151398,812.070496,405.629608,6.2225
3/18/2013,400.996979,404.862488,399.238556,805.578308,402.386749,3.6903
3/19/2013,404.105316,408.095367,401.719269,809.098694,404.145172,4.212
3/20/2013,406.889862,407.228607,404.204926,812.47937,405.833832,2.9385
3/21/2013,404.130219,406.934723,403.412903,809.038818,404.115265,2.9662
3/22/2013,405.848785,406.097839,403.308289,808.091431,403.642059,2.9874
3/25/2013,404.688141,408.085388,401.903564,807.423218,403.308289,3.4368
3/26/2013,405.23111,405.480164,402.386749,810.195679,404.693115,2.3926
3/27/2013,401.833832,401.993225,399.168823,800.462341,399.831329,4.3425
3/28/2013,400.493866,401.181274,395.168823,792.015564,395.612152,4.5926
4/1/2013,396.02063,399.627106,395.14389,798.996399,399.099091,3.6281
4/2/2013,400.767822,405.893616,400.49884,810.813965,405.001953,4.0982
4/3/2013,405.211182,405.579773,398.840057,803.992676,401.594727,3.4899
4/4/2013,400.623352,401.370575,394.172546,792.893127,396.050507,4.9134
4/5/2013,391.562317,392.025604,386.750366,780.906067,390.062958,6.8934
4/8/2013,387.92099,388.319489,382.765289,772.728516,385.978271,5.6853
4/9/2013,386.302032,390.411652,385.111511,775.520813,387.373016,4.3307
4/10/2013,389.998199,394.695587,386.551117,788.016541,393.614624,3.9719
4/11/2013,394.959595,395.069183,390.566071,788.225952,393.719238,4.0725
4/12/2013,394.516266,394.571045,390.003174,787.886841,393.549866,3.2855
4/15/2013,391.507538,397.011902,387.059204,779.789124,389.505035,4.9245
4/16/2013,391.826324,396.513763,390.496338,791.197815,395.203674,3.4969
4/17/2013,391.906036,393.94339,387.597198,780.417419,389.818878,4.0891
4/18/2013,391.208649,391.4328,379.208618,763.812988,381.524963,6.6698
4/19/2013,383.14389,400.219879,381.69931,797.679993,398.441528,11.6498
4/22/2013,398.805176,400.478912,386.052979,797.919373,398.561096,5.7883
4/23/2013,399.004425,406.227356,398.685638,805.688049,402.441559,4.6016
4/24/2013,402.546173,407.472687,402.491364,811.222778,405.206177,3.6718
4/25/2013,406.600952,406.710541,402.307068,806.884705,403.039307,3.9992
4/26/2013,402.292114,402.361847,396.802673,799.225769,399.213654,4.9939
4/29/2013,400.125244,409.813904,400.000702,816.817444,408.000702,4.6188
4/30/2013,407.970825,412.274689,407.313293,822.312378,410.745422,4.6306
5/1/2013,410.092865,410.82016,406.655762,818.183716,408.683167,2.9208
5/2/2013,408.518768,415.716797,407.995728,827.338562,413.256012,4.0516
5/3/2013,416.917297,421.818909,416.439087,843.40448,421.280945,5.044
5/6/2013,422.546204,429.315826,422.546204,859.191162,429.166382,4.2985
5/7/2013,429.893646,430.322052,423.746704,854.882935,427.014435,3.9326
5/8/2013,426.899872,435.30835,424.862518,871.238098,435.183838,4.955
5/9/2013,433.794037,438.187561,432.493896,869.093933,434.112823,4.4176
5/10/2013,436.020691,438.625916,434.451569,877.820007,438.471497,3.8095
5/13/2013,437.804016,439.587311,435.059296,875.12738,437.126556,2.9077
5/14/2013,437.111603,442.685699,436.932281,884.671204,441.893677,3.1703
5/15/2013,446.078003,456.479004,445.340759,913.382385,456.234924,8.0016
5/16/2013,457.784119,458.272278,449.320831,901.395264,450.247375,6.4432
5/17/2013,453.310883,455.039398,448.578613,906.690735,452.892456,5.6048
5/20/2013,450.810242,458.581116,450.810242,906.04248,452.568665,4.5623
5/21/2013,452.314606,454.127808,447.129059,904.486755,451.791565,3.9807
5/22/2013,449.594818,452.957214,441.784088,886.984863,443.049347,5.1403
5/23/2013,436.862518,443.318329,435.368134,880.372986,439.746735,4.5672
5/24/2013,435.995789,437.769135,433.878723,870.928894,435.029388,4.6107
5/28/2013,440.100403,444.404266,438.556183,878.857117,438.989563,4.5319
5/29/2013,436.21994,437.355682,430.53125,865.932617,432.533752,4.0418
5/30/2013,433.335754,437.80899,431.587311,868.375916,433.754181,4.2572
5/31/2013,432.439117,436.862518,432.140228,868.834656,433.983337,3.9535
6/3/2013,434.869995,435.35318,425.913574,865.254517,432.195038,4.9699
6/4/2013,432.304626,433.669495,425.440338,856.747864,427.945953,3.7511
6/5/2013,429.644592,433.101624,426.96463,857.346191,428.244843,4.2293
6/6/2013,430.536255,431.547455,422.028137,862.272644,430.705597,5.1774
6/7/2013,433.584808,438.356934,431.044342,877.32135,438.222443,5.3692
6/10/2013,439.403015,443.836395,438.401764,887.782654,443.447845,4.693
6/11/2013,440.334503,441.843872,438.117828,877.401184,438.262299,3.5283
6/12/2013,441.076721,441.345734,433.201263,869.59259,434.361908,4.4261
6/13/2013,432.867493,438.187561,431.134003,874.598816,436.862518,4.1552
6/14/2013,438.406738,440.698151,435.432892,872.644226,435.8862,4.5067
6/17/2013,437.973358,443.054321,437.500153,883.823547,441.470276,4.3085
6/18/2013,442.665771,448.817719,442.516327,898.154114,448.628418,4.35
6/19/2013,449.002045,453.71936,447.074249,898.213989,448.658325,5.8536
6/20/2013,445.325806,448.817719,440.005737,882.317627,440.718079,6.7692
6/21/2013,442.511353,443.278473,434.904877,878.518066,438.82019,7.9943
6/24/2013,434.312103,436.523804,430.013214,867.408569,433.270996,6.0563
6/25/2013,436.992035,438.19754,430.640839,863.828369,431.482697,5.1255
6/26/2013,435.243591,437.360657,433.659546,871.257996,435.193787,3.6764
6/27/2013,437.759186,440.693176,436.688171,874.66864,436.8974,3.8673
6/28/2013,435.816467,439.273499,435.462769,877.959595,438.541229,4.7161
7/1/2013,441.569885,444.37439,440.847595,885.449036,442.282227,3.4624
7/2/2013,443.437897,443.836395,436.99704,879.894287,439.507629,3.797
7/3/2013,438.307129,442.924805,437.609741,884.003052,441.559937,2.1017
7/5/2013,443.343231,446.033173,442.013214,891.043701,445.076752,3.4165
7/8/2013,447.926056,451.442871,446.865051,902.611877,450.855072,3.9537
7/9/2013,453.799042,454.770416,447.313354,902.761536,450.92981,3.9735
7/10/2013,450.038147,453.868774,448.508881,903.50946,451.303406,3.4295
7/11/2013,454.795319,458.68573,452.56369,917.720459,458.401794,5.1877
7/12/2013,458.282257,459.776642,455.911133,920.4729,459.776642,5.1556
7/15/2013,460.424225,462.267303,456.469055,922.158264,460.6185,3.9356
7/16/2013,461.833923,462.25235,455.243622,917.092163,458.087982,3.9807
7/17/2013,458.780365,461.699432,456.439148,916.035095,457.559967,3.0234
7/18/2013,457.779144,458.282257,449.90863,908.186646,453.639648,7.2961
7/19/2013,441.649597,449.789093,436.170135,894.145203,446.625946,14.7737
7/22/2013,449.315857,454.63092,446.825195,908.206543,453.649597,5.8281
7/23/2013,453.649597,454.795319,448.105377,901.325439,450.212494,4.1066
7/24/2013,451.936035,453.450348,448.668274,900.427917,449.76416,4.1725
7/25/2013,445.266022,446.750458,441.38559,885.269531,442.192566,6.0246
7/26/2013,441.838867,443.333282,439.35321,882.925964,441.021942,3.5686
7/29/2013,440.797791,445.739258,438.800262,879.854431,439.487701,3.7978
7/30/2013,441.076721,446.132782,438.790314,888.480713,443.796539,3.5243
7/31/2013,444.827667,446.581116,441.435394,885.319397,442.217468,4.3632
8/1/2013,445.828918,450.58609,445.828918,901.744324,450.421722,4.2927
8/2/2013,450.033173,451.806519,448.728058,904.08783,451.592316,3.4406
8/5/2013,451.004517,451.069275,447.921082,902.522156,450.810242,2.6291
8/6/2013,450.655823,453.156464,446.192566,894.115234,446.610992,3.0234
8/7/2013,445.848846,447.547485,442.884949,888.211487,443.662048,2.7686
8/8/2013,446.072998,446.247345,440.992065,890.215942,444.6633,2.987
8/9/2013,443.617218,446.087952,443.338257,887.972107,443.54248,2.6572
8/12/2013,441.794037,441.843872,439.178864,883.085571,441.101654,2.7642
8/13/2013,441.759186,442.591064,436.46402,878.837158,438.979584,2.8502
8/14/2013,437.544983,438.471497,431.960907,867.428467,433.280945,4.1799
8/15/2013,430.605988,430.845093,427.39801,857.306335,428.224915,3.7523
8/16/2013,429.031891,429.609711,426.670746,854.563843,426.855042,3.3627
8/19/2013,427.25354,434.371857,427.124023,863.279907,431.20871,3.6353
8/20/2013,432.55368,434.426666,430.157654,863.050537,431.094147,2.4751
8/21/2013,433.699402,436.817688,431.632141,866.949829,433.04184,3.5277
8/22/2013,434.720551,435.74173,433.500122,871.31781,435.223663,1.7462
8/23/2013,437.27597,437.360657,433.251068,867.827454,433.480225,2.1622
8/26/2013,433.37561,435.816467,431.40799,864.017883,431.577332,2.1128
8/27/2013,428.204987,430.252319,422.366852,847.822327,423.487671,3.4811
8/28/2013,423.537476,426.107849,422.302094,846.226685,422.690643,2.6697
8/29/2013,422.949677,428.583557,422.710571,853.087891,426.117798,2.968
8/30/2013,426.282196,427.417938,421.201233,844.581238,421.868744,3.7371
9/3/2013,425.584808,431.477722,425.380554,858.024292,428.583557,4.1104
9/4/2013,428.568634,435.11908,425.988281,869.24353,434.187561,4.0976
9/5/2013,435.11908,438.29715,434.177582,877.151855,438.137756,2.5921
9/6/2013,439.572388,440.239868,435.238617,877.171753,438.147705,3.1348
9/9/2013,440.214966,443.213715,439.562408,885.618591,442.366913,2.4783
9/10/2013,443.348236,444.334534,440.349457,886.236877,442.675751,2.5847
9/11/2013,442.610992,446.810242,441.38559,893.736267,446.421692,3.2332
9/12/2013,447.024445,447.273499,443.343231,890.614868,444.862549,2.1991
9/13/2013,445.579865,446.167664,440.767883,886.635803,442.875,2.6606
9/16/2013,446.426697,446.825195,440.782837,885.329346,442.222443,2.6829
9/17/2013,442.048096,442.536255,438.855072,883.683838,441.400513,2.5282
9/18/2013,441.520081,450.29718,439.8862,900.846741,449.973389,3.8838
9/19/2013,451.303406,451.303406,446.028168,895.930298,447.517609,3.2076
9/20/2013,447.517609,450.376892,446.137756,900.637329,449.868774,8.723
9/23/2013,446.401764,449.111633,440.947235,884.072815,441.594788,3.568
9/24/2013,441.594788,443.388062,439.054321,884.411865,441.76416,2.9846
9/25/2013,441.61969,441.61969,436.165161,874.828247,436.977112,3.3102
9/26/2013,437.510101,439.726807,435.866272,875.765625,437.445343,2.5292
9/27/2013,435.776611,437.121552,434.028168,873.99054,436.558685,2.527
9/30/2013,432.917328,438.77536,432.533752,873.511841,436.31958,3.4576
10/1/2013,438.481476,442.177612,438.381836,884.571472,441.843872,3.3821
10/2/2013,439.716827,443.01944,437.270996,885.558716,442.337006,3.0017
10/3/2013,442.34198,445.380615,434.421692,873.691345,436.409241,4.2498
10/4/2013,435.866272,437.116577,433.37561,869.961548,434.546204,2.7261
10/7/2013,432.105377,435.363159,430.441589,863.36969,431.253571,2.5968
10/8/2013,431.044342,431.373108,424.224915,851.332703,425.241089,3.9018
10/9/2013,426.541229,429.714325,419.916046,853.516724,426.332001,5.3224
10/10/2013,430.307098,432.792786,428.498871,865.862854,432.498901,4.5274
10/11/2013,431.39801,435.1091,431.034363,869.602539,434.366882,2.8283
10/14/2013,431.711853,436.488922,431.079224,873.711243,436.419189,2.4964
10/15/2013,436.244843,441.161407,435.368134,879.595154,439.358185,3.1956
10/16/2013,441.280975,447.487701,440.354431,895.571228,447.338257,4.0302
10/17/2013,444.827667,446.775391,441.211243,886.356506,442.735504,8.545
10/18/2013,486.466614,505.834015,485.181427,1008.640808,503.816559,23.2194
10/21/2013,503.841492,507.597412,497.908722,1000.552979,499.776703,7.2837
10/22/2013,500.623535,504.608612,496.035736,1004.24292,501.619812,4.4337
10/23/2013,498.631012,515.442993,498.446686,1028.58606,513.779236,5.3463
10/24/2013,514.008362,518.342102,510.486572,1022.742126,510.860168,4.1997
10/25/2013,512.489075,512.489075,503.482819,1012.420471,505.704498,4.0761
10/28/2013,505.704498,509.804138,504.603607,1012.220947,505.604858,2.326
10/29/2013,507.647217,516.533875,504.857666,1033.402832,516.185181,3.222
10/30/2013,516.778015,516.81781,511.08432,1027.598755,513.286072,2.658
10/31/2013,512.543884,518.815369,510.07312,1027.758301,513.365784,3.2922
11/1/2013,513.968506,516.065674,510.636017,1024.228027,511.602386,2.5761
11/4/2013,513.824036,514.257446,509.10675,1023.300598,511.13913,2.286
11/5/2013,508.269867,513.898804,506.810364,1018.723145,508.852692,2.3715
11/6/2013,510.885071,511.582458,505.789185,1019.949768,509.465393,1.8326
11/7/2013,509.39566,510.053192,501.938599,1005.190247,502.093018,3.3717
11/8/2013,502.491547,507.348328,502.367004,1013.248169,506.11795,2.5911
11/11/2013,502.870117,506.068146,502.11795,1007.823059,503.408112,2.2335
11/12/2013,501.968506,506.880096,500.623535,1009.009827,504.000885,2.4452
11/13/2013,501.49527,514.496521,501.370728,1029.643188,514.307251,3.1705
11/14/2013,515.029541,517.933655,513.251221,1032.395508,515.682068,2.3421
11/15/2013,515.502747,517.061951,513.231262,1030.730225,514.85022,2.5621
11/18/2013,515.941101,522.411865,512.698303,1028.725586,513.848938,3.5325
11/19/2013,513.933655,515.442993,509.614838,1022.393066,510.685822,2.2716
11/20/2013,513.051941,514.75061,508.274872,1019.510986,509.246216,1.9345
11/21/2013,511.582458,517.21637,511.08432,1031.23877,515.104248,2.1917
11/22/2013,514.780457,516.15033,512.688293,1029.064697,514.018311,2.5177
11/25/2013,516.643494,524.62854,515.577515,1043.066406,521.012146,3.238
11/26/2013,522.342163,528.768066,519.522705,1055.512207,527.228821,4.5896
11/27/2013,529.032043,532.00592,528.020874,1060.199341,529.570068,2.2555
11/29/2013,529.096802,531.318481,527.746887,1056.688843,527.816589,2.3944
12/2/2013,529.769287,531.184021,523.418091,1051.592896,525.271179,2.7566
12/3/2013,523.512756,529.734436,522.551331,1050.376221,524.663452,3.3647
12/4/2013,523.721985,530.003418,523.03949,1055.282837,527.114258,2.392
12/5/2013,526.626099,527.851501,523.582458,1054.445068,526.695801,2.2758
12/6/2013,532.897583,533.002197,528.060669,1066.940796,532.937439,2.8682
12/9/2013,533.4953,539.134216,532.015869,1075.188232,537.057007,2.9762
12/10/2013,536.065674,544.11554,535.81665,1081.690308,540.30481,3.7216
12/11/2013,541.669678,543.622375,535.577515,1074.340454,536.633545,3.4364
12/12/2013,537.769287,539.447998,532.504028,1067.030518,532.982239,3.2048
12/13/2013,535.692078,536.135437,526.969788,1057.88562,528.414368,4.3409
12/16/2013,530.013367,535.33844,529.022095,1070.042236,534.486633,3.216
12/17/2013,534.406921,538.362061,532.19519,1066.930786,532.932434,3.0828
12/18/2013,533.923706,540.44928,527.542664,1081.780029,540.349609,4.4371
12/19/2013,538.367065,543.956116,537.525208,1083.246094,541.081909,3.3438
12/20/2013,542.117981,548.528992,541.968567,1097.606567,548.255005,6.5476
12/23/2013,551.851501,555.81665,550.496582,1112.046875,555.467957,3.456
12/24/2013,555.403198,555.53772,551.981018,1108.795898,553.844055,1.4738
12/26/2013,554.924988,557.410706,552.274963,1114.400391,556.643555,2.6855
12/27/2013,557.908813,558.048279,554.392029,1115.337891,557.111816,3.1511
12/30/2013,558.078186,558.157898,552.439331,1106.422363,552.658508,2.4813
12/31/2013,554.043335,558.406982,551.064453,1117.641602,558.262512,2.7259
1/2/2014,555.647278,556.788025,552.06073,1110.072388,554.481689,3.6564
1/3/2014,555.418152,556.379578,550.401978,1101.974609,550.436829,3.3458
1/6/2014,554.42688,557.340942,551.154114,1114.260864,556.573853,3.5518
1/7/2014,560.399475,567.717041,558.486633,1135.741821,567.303589,5.1243
1/8/2014,570.860291,571.517822,564.528992,1138.105347,568.484192,4.5017
1/9/2014,569.585083,569.973572,560.678467,1127.145508,563.009705,4.1845
1/10/2014,567.413208,567.413208,559.029602,1127.085571,562.979797,4.3029
1/13/2014,561.131714,571.313599,556.499084,1119.905396,559.39325,4.8558
1/14/2014,566.850281,573.350952,561.938721,1146.253052,572.553955,4.9837
1/15/2014,574.342224,575.343445,569.759399,1145.47522,572.165405,3.915
1/16/2014,572.40448,576.802979,571.856567,1153.054321,575.951172,3.3803
1/17/2014,576.265015,578.147949,569.963623,1147.379883,573.116821,5.4228
1/21/2014,578.297424,579.82666,573.500366,1160.513916,579.677246,3.9745
1/22/2014,581.12677,581.764404,577.266235,1161.830322,580.334778,3.1545
1/23/2014,577.834106,579.074463,575.029663,1156.923706,577.883972,3.9127
1/24/2014,573.355896,574.621155,559.403198,1120.75293,559.81665,7.814
1/27/2014,560.947449,561.146667,539.114258,1098.214844,548.558838,8.7398
1/28/2014,553.086914,560.773071,552.897583,1119.935303,559.408203,4.4369
1/29/2014,557.470459,558.780579,547.657227,1103.889282,551.39325,4.7775
1/30/2014,570.362122,574.09314,561.520264,1132.281372,565.575073,10.2208
1/31/2014,583.487915,591.054565,573.41571,1177.736572,588.279968,11.1742
2/3/2014,587.398315,588.653564,563.891418,1130.326782,564.598755,9.1724
2/4/2014,566.870239,575.343445,566.38208,1135.043701,566.954895,5.6448
2/5/2014,569.555176,573.236389,561.90387,1140.070068,569.465515,4.8068
2/6/2014,573.41571,577.913818,571.632385,1156.784058,577.814209,3.9076
2/7/2014,581.634888,586.750732,578.113098,1174.216187,586.521545,5.292
2/10/2014,583.712097,588.99231,582.327271,1169.718506,584.274963,3.9048
2/11/2014,587.88147,593.709656,583.916321,1186.921387,592.867798,4.1169
2/12/2014,592.279968,592.778137,588.484192,1183.440918,591.129272,3.4618
2/13/2014,588.17041,597.709656,587.627441,1196.614746,597.709656,3.6864
2/14/2014,595.572632,599.946228,594.172913,1199.506836,599.154236,4.3897
2/18/2014,598.461792,604.17041,597.75946,1207.564697,603.179138,4.2335
2/19/2014,600.399536,602.352234,596.514099,1199.048096,598.92511,4.2229
2/20/2014,599.323608,601.191589,597.869019,1200.813232,599.806763,3.4143
2/21/2014,601.649841,602.676025,599.174133,1200.494141,599.6474,3.7385
2/24/2014,600.429443,607.801819,600.299927,1209.190186,603.991089,3.3611
2/25/2014,605.699707,609.963684,602.950012,1216.659668,607.722107,2.8881
2/26/2014,609.714661,612.145508,604.61377,1216.829224,607.806763,3.9791
2/27/2014,606.920105,609.829224,606.232666,1215.871948,607.328613,2.5294
2/28/2014,607.891479,609.809265,600.857849,1212.321655,605.555237,4.6445
3/3/2014,601.121826,601.664795,593.844116,1199.397095,599.099426,4.2253
3/4/2014,605.231445,605.729553,602.491699,1211.583618,605.186584,2.9463
3/5/2014,605.256348,609.256348,603.443176,1214.924438,606.855347,2.4797
3/6/2014,608.857849,610.785645,607.024719,1216.270752,607.527832,2.5456
3/7/2014,611.109436,611.204041,603.458069,1211.463989,605.126831,3.0415
3/10/2014,605.575134,606.546509,599.796814,1208.252808,603.522827,2.4382
3/11/2014,604.618713,604.8927,596.085754,1196.704468,597.754456,3.4388
3/12/2014,595.966187,601.6698,589.883972,1203.994507,601.395813,3.9432
3/13/2014,601.719604,602.989868,590.167908,1185.804443,592.309875,4.7086
3/14/2014,588.788086,593.211487,584.075745,1169.588989,584.210266,4.6049
3/17/2014,587.423218,596.299927,586.855347,1188.836182,593.824219,4.3403
3/18/2014,595.104431,603.50293,594.302429,1207.943604,603.368408,3.6435
3/19/2014,603.63739,603.732056,594.974915,1195.966553,597.385864,3.2378
3/20/2014,597.734558,602.546509,595.44812,1193.882202,596.344727,3.3819
3/21/2014,600.902649,602.556458,589.017212,1179.800903,589.311096,6.441
3/24/2014,589.883972,590.237671,570.835388,1154.759644,576.802979,6.0968
3/25/2014,580.822937,582.735779,571.358398,1155.547485,577.196533,4.8384
3/26/2014,578.835388,583.597534,563.637329,1128.870728,563.87146,5.1792
3/27/2014,566.444824,566.444824,551.406128,556.930969,556.930969,0.0131
3/28/2014,559.663452,564.87915,557.140381,558.456787,558.456787,0.0412
3/31/2014,565.337891,565.447571,555.405151,555.445007,555.445007,0.0108
4/1/2014,557.180237,566.893616,557.180237,565.607117,565.607117,0.0079
4/2/2014,598.347229,603.174011,560.650757,565.447571,565.447571,0.1471
4/3/2014,568.289734,585.672058,562.585449,568.180054,568.180054,5.0991
4/4/2014,573.076599,576.188049,541.513306,541.652893,541.652893,6.3693
4/7/2014,539.25946,546.978271,525.706665,536.676575,536.676575,4.4016
4/8/2014,541.11438,553.480408,540.127075,553.380676,553.380676,3.1512
4/9/2014,558.087769,563.822021,551.436035,562.595398,562.595398,3.3308
4/10/2014,563.453064,563.453064,538.421753,539.468872,539.468872,4.0368
4/11/2014,531.091858,538.521484,525.088379,529.147217,529.147217,3.9248
4/14/2014,536.776306,542.610291,528.110046,531.061951,531.061951,2.575
4/15/2014,535.35022,536.975708,517.040466,534.971252,534.971252,3.855
4/16/2014,541.513306,555.474915,538.521484,555.016174,555.016174,4.8932
4/17/2014,547.307373,547.995483,529.69574,534.632141,534.632141,6.8095
4/21/2014,534.632141,535.23053,524.160889,527.172668,527.172668,2.5667
4/22/2014,527.192566,535.759094,526.065674,533.345703,533.345703,2.3653
4/23/2014,532.328491,532.408264,524.809143,525.497253,525.497253,2.0523
4/24/2014,528.618652,530.194336,520.69043,523.722107,523.722107,1.8831
4/25/2014,521.079407,523.263367,514.008789,514.766724,514.766724,2.1003
4/28/2014,515.763977,517.180054,501.42334,515.73407,515.73407,3.3355
4/29/2014,515.484741,528.010376,514.906311,526.255188,526.255188,2.699
4/30/2014,526.155457,526.554321,521.089355,525.218018,525.218018,1.7511
5/1/2014,525.666809,531.470825,522.445618,529.895203,529.895203,1.9055
5/2/2014,532.298584,532.537903,524.170898,526.484558,526.484558,1.6885
5/5/2014,523.383057,527.451904,519.892639,526.364868,526.364868,1.0241
5/6/2014,523.791931,525.367615,513.64978,513.729553,513.729553,1.689
5/7/2014,514.377747,515.26532,501.921967,508.563751,508.563751,3.2243
5/8/2014,507.067841,515.813843,505.063354,509.600891,509.600891,2.0213
5/9/2014,509.351563,518.476501,502.819519,517.309753,517.309753,2.4394
5/12/2014,522.07666,528.738342,517.588989,528.469116,528.469116,1.9125
5/13/2014,529.436462,534.602234,528.060181,531.630432,531.630432,1.6534
5/14/2014,531.540649,531.540649,523.851746,525.208069,525.208069,1.1917
5/15/2014,524.26062,524.430176,516.003296,518.556274,518.556274,1.7043
5/16/2014,519.962463,520.371338,514.028748,519.204529,519.204529,1.4852
5/19/2014,518.2771,528.329468,516.165894,527.411987,527.411987,1.2777
5/20/2014,528.289551,534.761841,524.859009,528.319519,528.319519,1.7847
5/21/2014,531.440918,537.706726,530.453613,537.464417,537.464417,1.1962
5/22/2014,539.648376,546.100708,539.299377,543.567627,543.567627,1.6158
5/23/2014,545.761597,552.124146,542.211365,551.186707,551.186707,1.9321
5/27/2014,554.477661,564.450317,552.832214,564.400452,564.400452,2.1041
5/28/2014,563.024231,566.285278,559.463989,560.142151,560.142151,1.652
5/29/2014,561.807556,562.45575,557.180237,558.546509,558.546509,1.3541
5/30/2014,559.264526,559.813049,554.387939,558.357056,558.357056,1.7711
6/2/2014,559.164795,559.364258,544.235779,552.41333,552.41333,1.435
6/3/2014,549.481384,550.827698,541.064514,543.447937,543.447937,1.8666
6/4/2014,540.017395,547.10791,537.274902,543.168701,543.168701,1.8164
6/5/2014,544.903992,553.430542,542.95929,552.383423,552.383423,1.6891
6/6/2014,556.532043,556.532043,547.427063,554.806763,554.806763,1.7367
6/9/2014,555.624512,561.358765,554.517578,560.580933,560.580933,1.4675
6/10/2014,558.975342,562.056885,556.372498,559.015198,559.015198,1.3517
6/11/2014,556.472229,558.347046,553.500366,557.309875,557.309875,1.1001
6/12/2014,555.774109,556.462219,546.958313,549.840393,549.840393,1.4584
6/13/2014,550.747925,550.787842,544.066284,550.249268,550.249268,1.2205
6/16/2014,547.756165,548.115173,540.037354,542.789795,542.789795,1.7025
6/17/2014,542.709961,543.826904,537.853333,541.523254,541.523254,1.4445
6/18/2014,543.368164,552.044373,542.510559,551.854858,551.854858,1.7417
6/19/2014,552.722473,553.480408,547.008179,553.380676,553.380676,2.4568
6/20/2014,555.325378,556.053345,548.88501,554.83667,554.83667,4.5083
6/23/2014,553.630005,563.453064,552.732483,563.403198,563.403198,1.5368
6/24/2014,563.642517,571.078125,559.473938,563.074097,563.074097,2.2071
6/25/2014,563.712341,578.37207,563.672424,577.065674,577.065674,1.9693
6/26/2014,579.409241,580.855286,570.284302,574.422913,574.422913,1.7419
6/27/2014,575.59967,578.282349,572.228943,575.659546,575.659546,2.2369
6/30/2014,577.075623,577.983154,573.176331,573.704895,573.704895,1.3137
7/1/2014,576.736572,582.799927,575.071167,581.074646,581.074646,1.4479
7/2/2014,581.752808,583.837097,578.800903,580.740601,580.740601,1.0563
7/3/2014,581.752808,583.408264,579.329468,583.129028,583.129028,0.7141
,,,,,,
,,,,,,
,,,,,,
,,,,,,
,,,,,,
,,,,,,
,,,,,,
,,,,,,
,,,,,,
,,,,,,
,,,,,,
,,,,,,
,,,,,,
,,,,,,
,,,,,,
,,,,,,
,,,,,,
,,,,,,
,,,,,,
,,,,,,
,,,,,,
,,,,,,
,,,,,,
,,,,,,
,,,,,,
,,,,,,
,,,,,,
,,,,,,
,,,,,,
,,,,,,
,,,,,,
,,,,,,
,,,,,,
,,,,,,
,,,,,,
,,,,,,
,,,,,,
,,,,,,
,,,,,,
,,,,,,
,,,,,,
,,,,,,
,,,,,,
,,,,,,
,,,,,,
,,,,,,
,,,,,,
,,,,,,
,,,,,,
,,,,,,
,,,,,,
,,,,,,
,,,,,,
,,,,,,
,,,,,,
,,,,,,
,,,,,,
,,,,,,
,,,,,,
,,,,,,
,,,,,,
,,,,,,
,,,,,,
,,,,,,
,,,,,,
,,,,,,
,,,,,,
,,,,,,
,,,,,,
,,,,,,
,,,,,,
,,,,,,
,,,,,,
,,,,,,
,,,,,,
,,,,,,
,,,,,,
,,,,,,
,,,,,,
,,,,,,
,,,,,,
,,,,,,
,,,,,,
,,,,,,
,,,,,,
,,,,,,
,,,,,,
,,,,,,
,,,,,,
,,,,,,
,,,,,,
,,,,,,
,,,,,,
,,,,,,
,,,,,,
,,,,,,
,,,,,,
,,,,,,
,,,,,,
,,,,,,
,,,,,,
,,,,,,
,,,,,,
,,,,,,
,,,,,,
,,,,,,
,,,,,,
,,,,,,
,,,,,,
,,,,,,
,,,,,,
,,,,,,
,,,,,,
,,,,,,
,,,,,,
,,,,,,
,,,,,,
,,,,,,
,,,,,,
,,,,,,
,,,,,,
,,,,,,
,,,,,,
,,,,,,
,,,,,,
,,,,,,
,,,,,,
,,,,,,
,,,,,,
,,,,,,
,,,,,,
,,,,,,
,,,,,,
,,,,,,
,,,,,,
,,,,,,
,,,,,,
,,,,,,
,,,,,,
,,,,,,
,,,,,,
,,,,,,
,,,,,,
,,,,,,
,,,,,,
,,,,,,
,,,,,,
,,,,,,
,,,,,,
,,,,,,
,,,,,,
,,,,,,
,,,,,,
,,,,,,
,,,,,,
,,,,,,
,,,,,,
,,,,,,
,,,,,,
,,,,,,
,,,,,,
,,,,,,
,,,,,,
,,,,,,
,,,,,,
,,,,,,
,,,,,,
,,,,,,
,,,,,,
,,,,,,
,,,,,,
,,,,,,
,,,,,,
,,,,,,
,,,,,,
,,,,,,
,,,,,,
,,,,,,
,,,,,,
,,,,,,
,,,,,,
,,,,,,
,,,,,,
,,,,,,
,,,,,,
,,,,,,
,,,,,,
,,,,,,
,,,,,,
,,,,,,
,,,,,,
,,,,,,
,,,,,,
,,,,,,
,,,,,,
,,,,,,
,,,,,,
,,,,,,
,,,,,,
,,,,,,
,,,,,,
,,,,,,
,,,,,,
,,,,,,
,,,,,,
,,,,,,
,,,,,,
,,,,,,
,,,,,,
,,,,,,
,,,,,,
,,,,,,
,,,,,,
,,,,,,
,,,,,,
,,,,,,
,,,,,,
,,,,,,
,,,,,,
,,,,,,
,,,,,,
,,,,,,
,,,,,,
,,,,,,
,,,,,,
,,,,,,
,,,,,,
,,,,,,
,,,,,,
,,,,,,
,,,,,,
,,,,,,
,,,,,,
,,,,,,
,,,,,,
,,,,,,
,,,,,,
,,,,,,
,,,,,,
,,,,,,
,,,,,,
,,,,,,
,,,,,,
,,,,,,
,,,,,,
,,,,,,
,,,,,,
,,,,,,
,,,,,,
,,,,,,
,,,,,,
,,,,,,
,,,,,,
,,,,,,
,,,,,,
,,,,,,
,,,,,,
,,,,,,
,,,,,,
,,,,,,
,,,,,,
,,,,,,
,,,,,,
,,,,,,
,,,,,,
,,,,,,
,,,,,,
,,,,,,
,,,,,,
,,,,,,
,,,,,,
,,,,,,
,,,,,,
,,,,,,
,,,,,,
,,,,,,
,,,,,,
,,,,,,
,,,,,,
,,,,,,
,,,,,,
,,,,,,
,,,,,,
,,,,,,
,,,,,,
,,,,,,
,,,,,,
,,,,,,
,,,,,,
,,,,,,
,,,,,,
,,,,,,
,,,,,,
,,,,,,
,,,,,,
,,,,,,
,,,,,,
,,,,,,
,,,,,,
,,,,,,
,,,,,,
,,,,,,
,,,,,,
,,,,,,
,,,,,,
,,,,,,
,,,,,,
,,,,,,
,,,,,,
,,,,,,
,,,,,,
,,,,,,
,,,,,,
,,,,,,
,,,,,,
,,,,,,
,,,,,,
,,,,,,
,,,,,,
,,,,,,
,,,,,,
,,,,,,
,,,,,,
,,,,,,
,,,,,,
,,,,,,
,,,,,,
,,,,,,
,,,,,,
,,,,,,
,,,,,,
,,,,,,
,,,,,,
,,,,,,
,,,,,,
,,,,,,
,,,,,,
,,,,,,
,,,,,,
,,,,,,
,,,,,,
,,,,,,
,,,,,,
,,,,,,
,,,,,,
,,,,,,
,,,,,,
,,,,,,
,,,,,,
,,,,,,
,,,,,,
,,,,,,
,,,,,,
,,,,,,
,,,,,,
,,,,,,
,,,,,,
,,,,,,
,,,,,,
,,,,,,
,,,,,,
,,,,,,
,,,,,,
,,,,,,
,,,,,,
,,,,,,
,,,,,,
,,,,,,
,,,,,,
,,,,,,
,,,,,,
,,,,,,
,,,,,,
,,,,,,
,,,,,,
,,,,,,
,,,,,,
,,,,,,
,,,,,,
,,,,,,
,,,,,,
,,,,,,
,,,,,,
,,,,,,
,,,,,,
,,,,,,
,,,,,,
,,,,,,
,,,,,,
,,,,,,
,,,,,,
,,,,,,
,,,,,,
,,,,,,
,,,,,,
,,,,,,
,,,,,,
,,,,,,
,,,,,,
,,,,,,
,,,,,,
,,,,,,
,,,,,,
,,,,,,
,,,,,,
,,,,,,
,,,,,,
,,,,,,
,,,,,,
,,,,,,
,,,,,,
,,,,,,
,,,,,,
,,,,,,
,,,,,,
,,,,,,
,,,,,,
,,,,,,
,,,,,,
,,,,,,
,,,,,,
,,,,,,
,,,,,,
,,,,,,
,,,,,,
,,,,,,
,,,,,,
,,,,,,
,,,,,,
,,,,,,
,,,,,,
,,,,,,
,,,,,,
,,,,,,
,,,,,,
,,,,,,
,,,,,,
,,,,,,
,,,,,,
,,,,,,
,,,,,,
,,,,,,
,,,,,,
,,,,,,
,,,,,,
,,,,,,
,,,,,,
,,,,,,
,,,,,,
,,,,,,
,,,,,,
,,,,,,
,,,,,,
,,,,,,
,,,,,,
,,,,,,
,,,,,,
,,,,,,
,,,,,,
,,,,,,
,,,,,,
,,,,,,
,,,,,,
,,,,,,
,,,,,,
,,,,,,
,,,,,,
,,,,,,
,,,,,,
,,,,,,
,,,,,,
,,,,,,
,,,,,,
,,,,,,
,,,,,,
,,,,,,
,,,,,,
,,,,,,
,,,,,,
,,,,,,
,,,,,,
,,,,,,
,,,,,,
,,,,,,
,,,,,,
,,,,,,
,,,,,,
,,,,,,
,,,,,,
,,,,,,
,,,,,,
,,,,,,
,,,,,,
,,,,,,
,,,,,,
,,,,,,
,,,,,,
,,,,,,
,,,,,,
,,,,,,
,,,,,,
,,,,,,
,,,,,,
,,,,,,
,,,,,,
,,,,,,
,,,,,,
,,,,,,
,,,,,,
,,,,,,
,,,,,,
,,,,,,
,,,,,,
,,,,,,
,,,,,,
,,,,,,
,,,,,,
,,,,,,
,,,,,,
,,,,,,
,,,,,,
,,,,,,
,,,,,,
,,,,,,
,,,,,,
,,,,,,
,,,,,,
,,,,,,
,,,,,,
,,,,,,
,,,,,,
,,,,,,
,,,,,,
,,,,,,
,,,,,,
,,,,,,
,,,,,,
,,,,,,
,,,,,,
,,,,,,
,,,,,,
,,,,,,
,,,,,,
,,,,,,
,,,,,,
,,,,,,
,,,,,,
,,,,,,
,,,,,,
,,,,,,
,,,,,,
,,,,,,
,,,,,,
,,,,,,
,,,,,,
,,,,,,
,,,,,,
,,,,,,
,,,,,,
,,,,,,
,,,,,,
,,,,,,
,,,,,,
,,,,,,
,,,,,,
,,,,,,
,,,,,,
,,,,,,
,,,,,,
,,,,,,
,,,,,,
,,,,,,
,,,,,,
,,,,,,
,,,,,,
,,,,,,
,,,,,,
,,,,,,
,,,,,,
,,,,,,
,,,,,,
,,,,,,
,,,,,,
,,,,,,
,,,,,,
,,,,,,
,,,,,,
,,,,,,
,,,,,,
,,,,,,
,,,,,,
,,,,,,
,,,,,,
,,,,,,
,,,,,,
,,,,,,
,,,,,,
,,,,,,
,,,,,,
,,,,,,
,,,,,,
,,,,,,
,,,,,,
,,,,,,
,,,,,,
,,,,,,
,,,,,,
,,,,,,
,,,,,,
,,,,,,
,,,,,,
,,,,,,
,,,,,,
,,,,,,
,,,,,,
,,,,,,
,,,,,,
,,,,,,
,,,,,,
,,,,,,
,,,,,,
,,,,,,
,,,,,,
,,,,,,
,,,,,,
,,,,,,
,,,,,,
,,,,,,
,,,,,,
