Date,Open,High,Low,Close,Adj Close,Volume
1/3/2012,26.549999,26.959999,26.389999,26.77,26.77,64.7315
1/4/2012,26.82,27.469999,26.780001,27.4,27.4,80.5161
1/5/2012,27.379999,27.73,27.290001,27.68,27.68,56.0814
1/6/2012,27.530001,28.190001,27.530001,28.110001,28.110001,99.4555
1/9/2012,28.049999,28.1,27.719999,27.74,27.74,59.7068
1/10/2012,27.93,28.15,27.75,27.84,27.84,60.0144
1/11/2012,27.43,27.98,27.370001,27.719999,27.719999,65.5824
1/12/2012,27.870001,28.02,27.65,28,28,49.3708
1/13/2012,27.93,28.25,27.790001,28.25,28.25,60.1961
1/17/2012,28.4,28.65,28.17,28.26,28.26,72.3953
1/18/2012,28.309999,28.4,27.969999,28.23,28.23,64.8606
1/19/2012,28.16,28.440001,28.030001,28.120001,28.120001,74.0535
1/20/2012,28.82,29.74,28.75,29.709999,29.709999,165.9029
1/23/2012,29.549999,29.950001,29.35,29.73,29.73,76.0781
1/24/2012,29.469999,29.57,29.18,29.34,29.34,51.7033
1/25/2012,29.07,29.65,29.07,29.559999,29.559999,59.2317
1/26/2012,29.610001,29.700001,29.4,29.5,29.5,49.1028
1/27/2012,29.450001,29.530001,29.17,29.23,29.23,44.1877
1/30/2012,28.969999,29.620001,28.83,29.610001,29.610001,51.1148
1/31/2012,29.66,29.700001,29.23,29.530001,29.530001,50.5724
2/1/2012,29.790001,30.049999,29.76,29.889999,29.889999,67.4099
2/2/2012,29.9,30.17,29.709999,29.950001,29.950001,52.2233
2/3/2012,30.139999,30.4,30.09,30.24,30.24,41.8385
2/6/2012,30.040001,30.219999,29.969999,30.200001,30.200001,28.0397
2/7/2012,30.15,30.49,30.049999,30.35,30.35,39.2424
2/8/2012,30.26,30.67,30.219999,30.66,30.66,49.6591
2/9/2012,30.68,30.799999,30.48,30.77,30.77,50.4816
2/10/2012,30.639999,30.799999,30.360001,30.5,30.5,44.6053
2/13/2012,30.629999,30.77,30.43,30.58,30.58,33.3198
2/14/2012,30.33,30.459999,29.85,30.25,30.25,59.644
2/15/2012,30.33,30.389999,30.030001,30.049999,30.049999,43.3113
2/16/2012,30.309999,31.549999,30.299999,31.290001,31.290001,94.7051
2/17/2012,31.200001,31.32,30.950001,31.25,31.25,70.0365
2/21/2012,31.18,31.610001,31.15,31.440001,31.440001,50.8299
2/22/2012,31.450001,31.68,31.18,31.27,31.27,49.2532
2/23/2012,31.200001,31.59,31,31.370001,31.370001,35.0347
2/24/2012,31.48,31.5,31.24,31.48,31.48,35.5754
2/27/2012,31.24,31.5,31.1,31.35,31.35,34.5684
2/28/2012,31.41,31.93,31.379999,31.870001,31.870001,45.2306
2/29/2012,31.889999,32,31.610001,31.74,31.74,59.3236
3/1/2012,31.93,32.389999,31.85,32.290001,32.290001,77.3441
3/2/2012,32.310001,32.439999,32,32.080002,32.080002,47.3142
3/5/2012,32.009998,32.049999,31.620001,31.799999,31.799999,45.24
3/6/2012,31.540001,31.98,31.49,31.559999,31.559999,51.9329
3/7/2012,31.67,31.92,31.530001,31.84,31.84,34.3404
3/8/2012,32.040001,32.209999,31.9,32.009998,32.009998,36.7474
3/9/2012,32.099998,32.16,31.92,31.99,31.99,34.6284
3/12/2012,31.969999,32.200001,31.82,32.040001,32.040001,34.0736
3/13/2012,32.240002,32.689999,32.150002,32.669998,32.669998,48.9517
3/14/2012,32.529999,32.880001,32.490002,32.77,32.77,41.9869
3/15/2012,32.790001,32.939999,32.580002,32.849998,32.849998,49.0683
3/16/2012,32.91,32.950001,32.5,32.599998,32.599998,65.6264
3/19/2012,32.540001,32.610001,32.150002,32.200001,32.200001,44.7892
3/20/2012,32.099998,32.150002,31.74,31.99,31.99,41.5668
3/21/2012,31.959999,32.150002,31.82,31.91,31.91,37.9286
3/22/2012,31.809999,32.09,31.790001,32,32,31.7495
3/23/2012,32.099998,32.110001,31.719999,32.009998,32.009998,35.9122
3/26/2012,32.189999,32.610001,32.150002,32.59,32.59,36.7583
3/27/2012,32.650002,32.700001,32.400002,32.52,32.52,36.2749
3/28/2012,32.52,32.700001,32.040001,32.189999,32.189999,41.3448
3/29/2012,32.060001,32.189999,31.809999,32.119999,32.119999,37.0385
3/30/2012,32.400002,32.41,32.040001,32.259998,32.259998,31.7494
4/2/2012,32.220001,32.459999,31.950001,32.290001,32.290001,35.8536
4/3/2012,32.16,32.189999,31.66,31.940001,31.940001,42.7521
4/4/2012,31.66,31.690001,31.049999,31.209999,31.209999,49.4559
4/5/2012,31.15,31.629999,31.049999,31.52,31.52,50.3686
4/9/2012,31.219999,31.4,30.969999,31.1,31.1,31.0564
4/10/2012,31.059999,31.190001,30.299999,30.469999,30.469999,54.1313
4/11/2012,30.43,30.530001,30.23,30.35,30.35,43.014
4/12/2012,30.48,31.040001,30.42,30.98,30.98,38.304
4/13/2012,30.889999,31.16,30.719999,30.809999,30.809999,39.7492
4/16/2012,30.99,31.190001,30.77,31.08,31.08,38.1248
4/17/2012,31.27,31.610001,31.200001,31.440001,31.440001,34.3615
4/18/2012,31.280001,31.309999,31.040001,31.139999,31.139999,40.5529
4/19/2012,31.129999,31.68,30.940001,31.01,31.01,54.7812
4/20/2012,32.150002,32.889999,32.049999,32.419998,32.419998,106.045
4/23/2012,32.310001,32.5,32.029999,32.119999,32.119999,61.3982
4/24/2012,32.209999,32.52,31.83,31.92,31.92,40.8711
4/25/2012,31.92,32.32,31.870001,32.200001,32.200001,62.4955
4/26/2012,32.119999,32.23,31.92,32.110001,32.110001,40.3081
4/27/2012,32.119999,32.220001,31.879999,31.98,31.98,41.4191
4/30/2012,31.98,32.110001,31.92,32.02,32.02,35.6972
5/1/2012,32.049999,32.34,31.950001,32.009998,32.009998,43.8323
5/2/2012,31.85,31.93,31.639999,31.799999,31.799999,37.3853
5/3/2012,31.879999,31.9,31.610001,31.76,31.76,31.5013
5/4/2012,31.450001,31.57,30.92,30.98,30.98,57.9272
5/7/2012,30.700001,30.860001,30.57,30.65,30.65,48.6414
5/8/2012,30.48,30.780001,30.17,30.5,30.5,46.3283
5/9/2012,30.190001,30.83,30.1,30.76,30.76,50.3093
5/10/2012,30.860001,31.02,30.450001,30.74,30.74,43.8392
5/11/2012,30.690001,31.540001,30.690001,31.16,31.16,43.4593
5/14/2012,30.82,31.040001,30.639999,30.68,30.68,40.5289
5/15/2012,30.639999,30.799999,30.15,30.209999,30.209999,61.8228
5/16/2012,30.309999,30.32,29.74,29.9,29.9,60.0837
5/17/2012,29.99,30.209999,29.709999,29.719999,29.719999,48.484
5/18/2012,29.790001,29.809999,29.17,29.27,29.27,56.2053
5/21/2012,29.1,29.790001,29.059999,29.75,29.75,38.7879
5/22/2012,29.690001,29.879999,29.5,29.76,29.76,39.5049
5/23/2012,29.35,29.4,28.639999,29.110001,29.110001,65.171
5/24/2012,29.16,29.299999,28.76,29.07,29.07,52.575
5/25/2012,29.200001,29.360001,29.01,29.059999,29.059999,29.5072
5/29/2012,29.379999,29.719999,29.219999,29.559999,29.559999,37.7588
5/30/2012,29.35,29.48,29.120001,29.34,29.34,41.5855
5/31/2012,29.299999,29.42,28.940001,29.190001,29.190001,39.134
6/1/2012,28.76,28.959999,28.440001,28.450001,28.450001,56.6343
6/4/2012,28.620001,28.780001,28.32,28.549999,28.549999,47.9263
6/5/2012,28.51,28.75,28.389999,28.51,28.51,45.7154
6/6/2012,28.879999,29.370001,28.809999,29.35,29.35,46.8605
6/7/2012,29.639999,29.700001,29.17,29.23,29.23,37.7928
6/8/2012,29.209999,29.68,29.049999,29.65,29.65,42.5511
6/11/2012,29.73,29.809999,28.82,28.9,28.9,46.3619
6/12/2012,29.1,29.299999,28.84,29.290001,29.290001,35.3379
6/13/2012,29.219999,29.440001,29.049999,29.129999,29.129999,32.9846
6/14/2012,29.33,29.459999,28.879999,29.34,29.34,39.4589
6/15/2012,29.59,30.08,29.49,30.02,30.02,62.3144
6/18/2012,29.99,30.030001,29.709999,29.84,29.84,58.6799
6/19/2012,30.190001,31.110001,30.049999,30.700001,30.700001,75.7258
6/20/2012,30.93,31.049999,30.639999,30.93,30.93,36.2571
6/21/2012,30.959999,31.139999,30.059999,30.139999,30.139999,48.4566
6/22/2012,30.299999,30.73,30.030001,30.700001,30.700001,45.0981
6/25/2012,30.299999,30.32,29.620001,29.870001,29.870001,42.2172
6/26/2012,30,30.27,29.940001,30.02,30.02,38.4213
6/27/2012,30.190001,30.5,30.030001,30.17,30.17,33.7817
6/28/2012,29.98,30.049999,29.42,29.91,29.91,45.3284
6/29/2012,30.450001,30.690001,30.139999,30.59,30.59,55.2272
7/2/2012,30.620001,30.620001,30.209999,30.559999,30.559999,30.5891
7/3/2012,30.23,30.76,30.17,30.76,30.76,20.9381
7/5/2012,30.59,30.780001,30.379999,30.700001,30.700001,28.8019
7/6/2012,30.610001,30.700001,29.950001,30.190001,30.190001,38.2948
7/9/2012,30.120001,30.23,29.780001,30,30,30.6808
7/10/2012,30.08,30.219999,29.51,29.74,29.74,37.5341
7/11/2012,29.709999,29.74,29.110001,29.299999,29.299999,39.1849
7/12/2012,29.15,29.18,28.540001,28.629999,28.629999,63.5236
7/13/2012,28.76,29.48,28.719999,29.389999,29.389999,39.085
7/16/2012,29.48,29.530001,29.040001,29.440001,29.440001,27.9006
7/17/2012,29.639999,29.860001,29.200001,29.66,29.66,33.7713
7/18/2012,29.6,30.450001,29.459999,30.450001,30.450001,41.0904
7/19/2012,30.51,30.799999,30.379999,30.67,30.67,46.6632
7/20/2012,31,31.049999,30.049999,30.120001,30.120001,64.0217
7/23/2012,29.57,29.58,29.01,29.280001,29.280001,55.1519
7/24/2012,29.24,29.360001,28.9,29.15,29.15,47.7233
7/25/2012,29.24,29.33,28.780001,28.83,28.83,45.5795
7/26/2012,29.23,29.5,29.09,29.16,29.16,45.3014
7/27/2012,29.48,29.85,29.18,29.76,29.76,44.2426
7/30/2012,29.75,29.82,29.459999,29.639999,29.639999,28.905
7/31/2012,29.48,29.709999,29.33,29.469999,29.469999,37.6209
8/1/2012,29.59,29.65,29.209999,29.41,29.41,31.7218
8/2/2012,29.209999,29.530001,28.969999,29.190001,29.190001,39.5205
8/3/2012,29.530001,29.940001,29.48,29.75,29.75,35.8594
8/6/2012,30,30.110001,29.809999,29.950001,29.950001,27.4718
8/7/2012,30.07,30.35,29.870001,30.26,30.26,28.0029
8/8/2012,30.209999,30.469999,30.110001,30.33,30.33,26.2576
8/9/2012,30.389999,30.65,30.299999,30.5,30.5,24.9208
8/10/2012,30.5,30.620001,30.25,30.42,30.42,27.8103
8/13/2012,30.35,30.459999,30.16,30.389999,30.389999,23.0491
8/14/2012,30.299999,30.389999,30.01,30.129999,30.129999,34.5514
8/15/2012,30.110001,30.280001,30.02,30.200001,30.200001,24.351
8/16/2012,30.360001,30.940001,30.26,30.780001,30.780001,35.7872
8/17/2012,30.92,30.92,30.59,30.9,30.9,32.5899
8/20/2012,30.82,30.85,30.58,30.74,30.74,23.7377
8/21/2012,30.76,30.959999,30.610001,30.799999,30.799999,28.8227
8/22/2012,30.59,30.76,30.469999,30.540001,30.540001,33.4374
8/23/2012,30.389999,30.4,30.08,30.26,30.26,28.3556
8/24/2012,30.25,30.629999,30.18,30.559999,30.559999,22.9433
8/27/2012,30.93,30.959999,30.59,30.690001,30.690001,34.6911
8/28/2012,30.700001,30.799999,30.52,30.629999,30.629999,23.9479
8/29/2012,30.65,30.75,30.440001,30.65,30.65,23.3468
8/30/2012,30.530001,30.610001,30.219999,30.32,30.32,23.9821
8/31/2012,30.6,30.959999,30.379999,30.82,30.82,36.5901
9/4/2012,30.450001,30.66,30.15,30.389999,30.389999,48.5567
9/5/2012,30.219999,30.530001,30.209999,30.389999,30.389999,33.65
9/6/2012,30.5,31.360001,30.459999,31.35,31.35,48.3717
9/7/2012,31.040001,31.07,30.73,30.950001,30.950001,42.6491
9/10/2012,30.83,30.9,30.51,30.719999,30.719999,40.524
9/11/2012,30.690001,30.91,30.610001,30.790001,30.790001,25.1918
9/12/2012,30.940001,31.18,30.73,30.780001,30.780001,32.7758
9/13/2012,30.889999,31.18,30.4,30.940001,30.940001,45.0473
9/14/2012,31.01,31.25,30.809999,31.209999,31.209999,51.4228
9/17/2012,31.190001,31.26,31.040001,31.209999,31.209999,36.4885
9/18/2012,31.1,31.209999,31.030001,31.18,31.18,34.5427
9/19/2012,31.09,31.190001,31.040001,31.049999,31.049999,48.8719
9/20/2012,30.950001,31.48,30.91,31.450001,31.450001,45.543
9/21/2012,31.43,31.610001,31.09,31.190001,31.190001,102.3489
9/24/2012,31,31.07,30.639999,30.780001,30.780001,46.8259
9/25/2012,30.950001,31,30.360001,30.389999,30.389999,54.2664
9/26/2012,30.280001,30.6,30.040001,30.17,30.17,54.672
9/27/2012,30.17,30.4,29.889999,30.16,30.16,47.1299
9/28/2012,30.18,30.26,29.74,29.76,29.76,54.2293
10/1/2012,29.809999,29.98,29.42,29.49,29.49,54.0427
10/2/2012,29.68,29.889999,29.5,29.66,29.66,43.3389
10/3/2012,29.75,29.99,29.67,29.860001,29.860001,46.6559
10/4/2012,29.969999,30.030001,29.57,30.030001,30.030001,43.6349
10/5/2012,30.23,30.25,29.74,29.85,29.85,41.1339
10/8/2012,29.639999,29.92,29.549999,29.780001,29.780001,29.752
10/9/2012,29.68,29.74,29.18,29.280001,29.280001,45.1211
10/10/2012,29.15,29.309999,28.950001,28.98,28.98,47.2271
10/11/2012,29.219999,29.25,28.870001,28.950001,28.950001,41.4885
10/12/2012,28.969999,29.32,28.799999,29.200001,29.200001,46.4647
10/15/2012,29.370001,29.719999,29.25,29.51,29.51,42.4402
10/16/2012,29.450001,29.74,29.32,29.49,29.49,47.7394
10/17/2012,29.299999,29.639999,29.09,29.59,29.59,44.2061
10/18/2012,29.65,29.73,29.26,29.5,29.5,59.2385
10/19/2012,29.049999,29.08,28.5,28.639999,28.639999,90.4708
10/22/2012,28.73,28.83,27.83,28,28,83.374
10/23/2012,27.77,28.200001,27.76,28.049999,28.049999,64.4148
10/24/2012,28.16,28.200001,27.870001,27.9,27.9,53.3204
10/25/2012,28.190001,28.200001,27.860001,27.879999,27.879999,54.0843
10/26/2012,27.860001,28.34,27.84,28.209999,28.209999,57.79
10/31/2012,28.549999,28.879999,28.5,28.540001,28.540001,69.4641
11/1/2012,28.84,29.559999,28.82,29.52,29.52,72.0479
11/2/2012,29.59,29.77,29.33,29.5,29.5,57.1316
11/5/2012,29.620001,29.74,29.33,29.629999,29.629999,38.0708
11/6/2012,29.82,30.200001,29.610001,29.860001,29.860001,43.4015
11/7/2012,29.530001,29.83,29.049999,29.08,29.08,57.8718
11/8/2012,29.120001,29.370001,28.799999,28.809999,28.809999,49.8418
11/9/2012,28.879999,29.190001,28.809999,28.83,28.83,43.2912
11/12/2012,28.940001,29.01,28.209999,28.219999,28.219999,61.1123
11/13/2012,27.02,27.299999,26.75,27.09,27.09,131.6892
11/14/2012,27.24,27.290001,26.799999,26.84,26.84,76.0861
11/15/2012,26.879999,26.969999,26.629999,26.66,26.66,50.9556
11/16/2012,26.67,26.700001,26.34,26.52,26.52,64.0833
11/19/2012,26.799999,26.799999,26.469999,26.73,26.73,57.1793
11/20/2012,26.76,26.799999,26.459999,26.709999,26.709999,47.0704
11/21/2012,26.709999,27.17,26.67,26.950001,26.950001,66.3603
11/23/2012,27.23,27.77,27.200001,27.700001,27.700001,57.8457
11/26/2012,27.540001,27.58,27.17,27.389999,27.389999,85.1987
11/27/2012,27.360001,27.379999,27.040001,27.08,27.08,45.0186
11/28/2012,27.01,27.389999,26.77,27.360001,27.360001,53.0184
11/29/2012,27.110001,27.360001,26.860001,26.950001,26.950001,69.5514
11/30/2012,27.049999,27.129999,26.49,26.620001,26.620001,83.6902
12/3/2012,26.780001,26.82,26.4,26.43,26.43,53.1738
12/4/2012,26.5,26.629999,26.34,26.370001,26.370001,49.7775
12/5/2012,26.379999,26.93,26.26,26.67,26.67,68.2838
12/6/2012,26.809999,26.98,26.610001,26.73,26.73,39.1823
12/7/2012,26.82,26.82,26.370001,26.459999,26.459999,46.1621
12/10/2012,26.559999,26.969999,26.52,26.940001,26.940001,47.0311
12/11/2012,27.049999,27.49,27.049999,27.32,27.32,52.2828
12/12/2012,27.530001,27.620001,27.08,27.24,27.24,43.9663
12/13/2012,27.32,27.52,26.950001,27.110001,27.110001,45.0801
12/14/2012,27.110001,27.129999,26.700001,26.809999,26.809999,42.0775
12/17/2012,26.790001,27.219999,26.68,27.1,27.1,42.0461
12/18/2012,27.25,27.629999,27.139999,27.559999,27.559999,50.4869
12/19/2012,27.690001,27.73,27.25,27.309999,27.309999,53.5199
12/20/2012,27.360001,27.68,27.15,27.68,27.68,52.6073
12/21/2012,27.450001,27.49,27,27.450001,27.450001,98.7765
12/24/2012,27.200001,27.25,27,27.059999,27.059999,20.8424
12/26/2012,27.030001,27.200001,26.700001,26.860001,26.860001,31.6311
12/27/2012,26.889999,27.09,26.57,26.959999,26.959999,39.394
12/28/2012,26.709999,26.9,26.549999,26.549999,26.549999,28.2399
12/31/2012,26.59,26.77,26.370001,26.709999,26.709999,42.7495
1/2/2013,27.25,27.73,27.15,27.620001,27.620001,52.8993
1/3/2013,27.629999,27.65,27.16,27.25,27.25,48.2944
1/4/2013,27.27,27.34,26.73,26.74,26.74,52.5211
1/7/2013,26.77,26.879999,26.639999,26.690001,26.690001,37.1104
1/8/2013,26.75,26.790001,26.459999,26.549999,26.549999,44.7031
1/9/2013,26.719999,26.75,26.559999,26.700001,26.700001,49.0479
1/10/2013,26.65,26.98,26.290001,26.459999,26.459999,71.4313
1/11/2013,26.49,26.93,26.280001,26.83,26.83,55.5121
1/14/2013,26.9,27.08,26.76,26.889999,26.889999,48.3244
1/15/2013,26.83,27.290001,26.83,27.209999,27.209999,48.2445
1/16/2013,27.15,27.23,27.01,27.040001,27.040001,41.0774
1/17/2013,27.190001,27.469999,27.059999,27.25,27.25,51.6859
1/18/2013,27.1,27.290001,27.040001,27.25,27.25,52.1677
1/22/2013,27.299999,27.450001,27,27.15,27.15,58.6506
1/23/2013,27.200001,27.639999,27.200001,27.610001,27.610001,50.3877
1/24/2013,27.700001,28.07,27.469999,27.629999,27.629999,101.7393
1/25/2013,27.58,28.23,27.389999,27.879999,27.879999,81.8477
1/28/2013,28.01,28.23,27.76,27.91,27.91,56.0565
1/29/2013,27.82,28.129999,27.6,28.01,28.01,49.2426
1/30/2013,28.01,28.190001,27.76,27.85,27.85,43.5805
1/31/2013,27.790001,27.969999,27.4,27.450001,27.450001,50.53
2/1/2013,27.67,28.049999,27.549999,27.93,27.93,55.5659
2/4/2013,27.870001,28.02,27.42,27.440001,27.440001,50.54
2/5/2013,27.620001,27.66,27.360001,27.5,27.5,35.4104
2/6/2013,27.379999,27.540001,27.25,27.34,27.34,41.8896
2/7/2013,27.35,27.389999,27.1,27.280001,27.280001,38.0283
2/8/2013,27.35,27.709999,27.309999,27.549999,27.549999,33.3185
2/11/2013,27.65,27.92,27.5,27.860001,27.860001,32.2477
2/12/2013,27.879999,28,27.75,27.879999,27.879999,35.9909
2/13/2013,27.93,28.110001,27.879999,28.030001,28.030001,41.7156
2/14/2013,27.92,28.059999,27.870001,28.040001,28.040001,32.6632
2/15/2013,28.040001,28.16,27.879999,28.01,28.01,49.6509
2/19/2013,27.879999,28.09,27.799999,28.049999,28.049999,38.7814
2/20/2013,28.129999,28.200001,27.83,27.870001,27.870001,44.1102
2/21/2013,27.74,27.74,27.23,27.49,27.49,49.0785
2/22/2013,27.68,27.76,27.48,27.76,27.76,31.4259
2/25/2013,27.969999,28.049999,27.370001,27.370001,27.370001,48.0118
2/26/2013,27.379999,27.6,27.34,27.370001,27.370001,49.9233
2/27/2013,27.42,28,27.33,27.809999,27.809999,36.3947
2/28/2013,27.879999,27.969999,27.74,27.799999,27.799999,35.8402
3/1/2013,27.719999,27.98,27.52,27.950001,27.950001,34.8497
3/4/2013,27.85,28.15,27.700001,28.15,28.15,38.1575
3/5/2013,28.290001,28.540001,28.16,28.35,28.35,41.4322
3/6/2013,28.209999,28.23,27.780001,28.09,28.09,51.4485
3/7/2013,28.110001,28.280001,28.01,28.139999,28.139999,29.1967
3/8/2013,28.25,28.33,27.959999,28,28,37.6678
3/11/2013,27.940001,27.969999,27.67,27.870001,27.870001,36.6275
3/12/2013,27.84,27.950001,27.639999,27.91,27.91,39.2552
3/13/2013,27.870001,28.02,27.75,27.92,27.92,29.0934
3/14/2013,28,28.16,27.93,28.139999,28.139999,55.9148
3/15/2013,28.030001,28.16,27.98,28.040001,28.040001,92.7103
3/18/2013,27.879999,28.280001,27.809999,28.1,28.1,44.8094
3/19/2013,28.120001,28.219999,28.030001,28.18,28.18,51.9016
3/20/2013,28.34,28.49,28.18,28.32,28.32,35.4478
3/21/2013,28.110001,28.360001,28.049999,28.110001,28.110001,34.2332
3/22/2013,28.190001,28.34,28.1,28.25,28.25,28.7209
3/25/2013,28.299999,28.35,27.959999,28.16,28.16,44.154
3/26/2013,28.24,28.34,28.110001,28.16,28.16,27.8243
3/27/2013,28.139999,28.450001,28.08,28.370001,28.370001,36.0474
3/28/2013,28.32,28.66,28.26,28.610001,28.610001,55.4538
4/1/2013,28.639999,28.66,28.360001,28.610001,28.610001,29.2011
4/2/2013,28.59,28.85,28.52,28.799999,28.799999,28.4565
4/3/2013,28.75,28.950001,28.540001,28.559999,28.559999,35.0628
4/4/2013,28.389999,28.610001,28.27,28.6,28.6,45.2632
4/5/2013,28.219999,28.780001,28.110001,28.700001,28.700001,50.9273
4/8/2013,28.73,28.73,28.469999,28.59,28.59,34.7595
4/9/2013,28.73,29.82,28.68,29.610001,29.610001,77.7338
4/10/2013,29.57,30.32,29.52,30.280001,30.280001,71.1167
4/11/2013,29.1,29.200001,28.73,28.940001,28.940001,130.9232
4/12/2013,28.85,29.02,28.66,28.790001,28.790001,62.8863
4/15/2013,28.65,28.98,28.51,28.690001,28.690001,56.3329
4/16/2013,28.9,29.139999,28.700001,28.969999,28.969999,52.7973
4/17/2013,28.85,29.040001,28.6,28.83,28.83,52.8407
4/18/2013,28.950001,28.98,28.5,28.790001,28.790001,56.9066
4/19/2013,29.620001,30.24,29.610001,29.77,29.77,99.7907
4/22/2013,30.299999,31.18,30.27,30.83,30.83,137.904
4/23/2013,30.700001,30.9,30.379999,30.6,30.6,59.1269
4/24/2013,30.620001,31.92,30.6,31.76,31.76,90.9466
4/25/2013,31.709999,32.84,31.540001,31.940001,31.940001,110.7002
4/26/2013,31.9,31.98,31.450001,31.790001,31.790001,47.7993
4/29/2013,31.799999,32.68,31.77,32.610001,32.610001,59.1164
4/30/2013,32.560001,33.110001,32.279999,33.099998,33.099998,75.1652
5/1/2013,32.93,33.080002,32.599998,32.720001,32.720001,54.3309
5/2/2013,32.630001,33.169998,32.389999,33.16,33.16,46.0595
5/3/2013,33.23,33.52,33.080002,33.490002,33.490002,46.7846
5/6/2013,33.419998,33.91,33.25,33.75,33.75,40.9783
5/7/2013,33.650002,33.790001,33.240002,33.310001,33.310001,43.0783
5/8/2013,33.07,33.240002,32.650002,32.990002,32.990002,51.5957
5/9/2013,32.849998,33,32.59,32.66,32.66,46.4178
5/10/2013,32.669998,32.720001,32.32,32.689999,32.689999,36.3949
5/13/2013,32.610001,33.07,32.549999,33.029999,33.029999,36.0276
5/14/2013,32.860001,33.529999,32.799999,33.529999,33.529999,56.8701
5/15/2013,33.450001,33.900002,33.43,33.849998,33.849998,46.3039
5/16/2013,33.639999,34.150002,33.549999,34.080002,34.080002,59.3829
5/17/2013,34.130001,34.869999,34.099998,34.869999,34.869999,60.6667
5/20/2013,34.73,35.099998,34.68,35.080002,35.080002,54.0208
5/21/2013,35.099998,35.27,34.720001,34.849998,34.849998,48.7024
5/22/2013,34.790001,34.84,34.360001,34.610001,34.610001,66.0475
5/23/2013,34.23,34.549999,33.900002,34.150002,34.150002,51.1027
5/24/2013,33.919998,34.279999,33.900002,34.27,34.27,33.1744
5/28/2013,34.419998,35.18,34.41,35.02,35.02,48.2121
5/29/2013,34.740002,35.02,34.57,34.880001,34.880001,38.4122
5/30/2013,34.849998,35.25,34.810001,35.029999,35.029999,51.131
5/31/2013,34.82,35.279999,34.790001,34.900002,34.900002,56.1657
6/3/2013,34.919998,35.630001,34.830002,35.59,35.59,51.2526
6/4/2013,35.619999,35.740002,34.77,34.990002,34.990002,65.5295
6/5/2013,34.599998,34.889999,34.43,34.779999,34.779999,46.0251
6/6/2013,34.84,35.110001,34.490002,34.959999,34.959999,37.6185
6/7/2013,35.25,35.779999,35.060001,35.669998,35.669998,40.7573
6/10/2013,35.509998,35.650002,35.139999,35.470001,35.470001,35.9945
6/11/2013,35.049999,35.18,34.68,34.84,34.84,39.4359
6/12/2013,35.139999,35.27,34.849998,35,35,37.3727
6/13/2013,34.990002,35.02,34.59,34.720001,34.720001,45.6549
6/14/2013,34.549999,34.689999,34.25,34.400002,34.400002,53.1926
6/17/2013,34.689999,35.16,34.630001,35,35,49.6701
6/18/2013,34.970001,35.169998,34.900002,34.98,34.98,28.6165
6/19/2013,34.959999,35.09,34.59,34.59,34.59,30.8162
6/20/2013,34.259998,34.330002,33.369999,33.490002,33.490002,54.4937
6/21/2013,33.66,33.73,33.049999,33.27,33.27,85.3385
6/24/2013,32.939999,34.200001,32.57,33.720001,33.720001,56.109
6/25/2013,34.080002,34.380001,33.459999,33.669998,33.669998,44.0734
6/26/2013,34.119999,34.48,33.889999,34.349998,34.349998,48.6659
6/27/2013,34.52,34.779999,34.5,34.619999,34.619999,28.9931
6/28/2013,34.380001,34.790001,34.34,34.540001,34.540001,65.5455
7/1/2013,34.75,34.990002,34.330002,34.360001,34.360001,31.0554
7/2/2013,34.41,34.439999,33.630001,33.939999,33.939999,37.63
7/3/2013,33.66,34.369999,33.599998,34.009998,34.009998,15.9944
7/5/2013,34.09,34.240002,33.580002,34.209999,34.209999,26.0859
7/8/2013,34.349998,34.59,33.98,34.330002,34.330002,32.3969
7/9/2013,34.580002,34.599998,34.139999,34.349998,34.349998,25.3185
7/10/2013,34.34,34.810001,34.32,34.700001,34.700001,29.6588
7/11/2013,35,35.77,34.900002,35.689999,35.689999,53.6383
7/12/2013,35.580002,35.73,35.279999,35.669998,35.669998,35.5012
7/15/2013,35.66,36.220001,35.580002,36.169998,36.169998,34.1426
7/16/2013,36.009998,36.43,35.959999,36.27,36.27,36.3785
7/17/2013,36.34,36.389999,35.490002,35.740002,35.740002,37.2851
7/18/2013,35.720001,35.889999,35.220001,35.439999,35.439999,49.5471
7/19/2013,32.400002,32.669998,31.02,31.4,31.4,248.4285
7/22/2013,31.700001,32.009998,31.6,32.009998,32.009998,79.0407
7/23/2013,31.91,32.040001,31.709999,31.82,31.82,65.8104
7/24/2013,32.040001,32.189999,31.889999,31.959999,31.959999,52.8031
7/25/2013,31.620001,31.65,31.25,31.389999,31.389999,63.213
7/26/2013,31.26,31.620001,31.209999,31.620001,31.620001,38.6336
7/29/2013,31.469999,31.6,31.4,31.540001,31.540001,28.8707
7/30/2013,31.780001,32.119999,31.549999,31.85,31.85,45.7995
7/31/2013,31.969999,32.049999,31.709999,31.84,31.84,43.8984
8/1/2013,32.060001,32.09,31.6,31.67,31.67,42.5579
8/2/2013,31.690001,31.9,31.57,31.889999,31.889999,29.1999
8/5/2013,31.9,32,31.639999,31.700001,31.700001,30.984
8/6/2013,31.549999,31.67,31.379999,31.58,31.58,36.3315
8/7/2013,31.540001,32.099998,31.25,32.060001,32.060001,38.0786
8/8/2013,32.240002,33.07,32.049999,32.889999,32.889999,59.0344
8/9/2013,32.77,32.900002,32.470001,32.700001,32.700001,26.8007
8/12/2013,32.459999,32.970001,32.459999,32.869999,32.869999,25.4937
8/13/2013,32.509998,32.549999,32.209999,32.23,32.23,39.4641
8/14/2013,32.139999,33.360001,31.700001,32.349998,32.349998,48.5196
8/15/2013,32,32.18,30.84,31.790001,31.790001,33.338
8/16/2013,31.790001,31.99,31.66,31.799999,31.799999,32.8663
8/19/2013,31.76,31.969999,31.379999,31.389999,31.389999,27.9025
8/20/2013,31.440001,31.9,31.370001,31.620001,31.620001,22.9796
8/21/2013,31.610001,32.009998,31.540001,31.610001,31.610001,37.4091
8/22/2013,32.189999,32.490002,32.099998,32.389999,32.389999,31.1699
8/23/2013,35.169998,35.200001,34,34.75,34.75,225.4938
8/26/2013,34.400002,34.669998,34.029999,34.150002,34.150002,72.7868
8/27/2013,33.52,34.099998,33.150002,33.259998,33.259998,58.5223
8/28/2013,33.389999,33.599998,33,33.02,33.02,44.2574
8/29/2013,32.93,33.599998,32.799999,33.549999,33.549999,45.2847
8/30/2013,33.369999,33.48,33.09,33.400002,33.400002,42.7902
9/3/2013,31.75,32.07,31.290001,31.879999,31.879999,154.507
9/4/2013,31.389999,31.469999,31.110001,31.200001,31.200001,142.3206
9/5/2013,31.1,31.440001,30.950001,31.23,31.23,71.6449
9/6/2013,31.309999,31.389999,31.129999,31.15,31.15,75.4349
9/9/2013,31.219999,31.790001,31.200001,31.66,31.66,49.6285
9/10/2013,31.9,32.400002,31.790001,32.389999,32.389999,56.8812
9/11/2013,32.57,32.93,32.529999,32.740002,32.740002,39.0875
9/12/2013,32.720001,32.779999,32.59,32.689999,32.689999,32.8602
9/13/2013,32.77,33.07,32.509998,33.029999,33.029999,40.899
9/16/2013,33.380001,33.5,32.73,32.799999,32.799999,52.8397
9/17/2013,33.419998,33.470001,32.900002,32.93,32.93,84.7165
9/18/2013,32.990002,33.400002,32.830002,33.32,33.32,64.0999
9/19/2013,33.48,33.68,33.32,33.639999,33.639999,42.0266
9/20/2013,33.41,33.48,32.689999,32.790001,32.790001,102.9049
9/23/2013,32.540001,32.970001,32.5,32.740002,32.740002,39.8261
9/24/2013,32.869999,32.869999,32.150002,32.450001,32.450001,40.685
9/25/2013,32.490002,32.799999,32.400002,32.509998,32.509998,28.9075
9/26/2013,32.639999,33,32.59,32.77,32.77,28.504
9/27/2013,32.880001,33.75,32.869999,33.27,33.27,55.348
9/30/2013,33,33.310001,32.700001,33.279999,33.279999,39.8395
10/1/2013,33.349998,33.610001,33.299999,33.580002,33.580002,36.7187
10/2/2013,33.360001,34.029999,33.290001,33.919998,33.919998,46.9468
10/3/2013,33.880001,34,33.419998,33.860001,33.860001,38.7038
10/4/2013,33.689999,33.990002,33.619999,33.880001,33.880001,33.0081
10/7/2013,33.599998,33.709999,33.200001,33.299999,33.299999,35.0693
10/8/2013,33.310001,33.330002,32.799999,33.009998,33.009998,41.0176
10/9/2013,33.07,33.349998,32.959999,33.07,33.07,35.8786
10/10/2013,33.310001,33.889999,33.259998,33.759998,33.759998,42.8751
10/11/2013,33.68,34.139999,33.68,34.130001,34.130001,30.0333
10/14/2013,33.900002,34.5,33.779999,34.450001,34.450001,27.7579
10/15/2013,34.669998,34.990002,34.470001,34.490002,34.490002,47.0978
10/16/2013,34.599998,34.900002,34.560001,34.639999,34.639999,35.1116
10/17/2013,34.450001,34.990002,34.369999,34.919998,34.919998,31.3592
10/18/2013,34.82,34.990002,34.330002,34.959999,34.959999,41.8117
10/21/2013,34.98,35.200001,34.91,34.990002,34.990002,27.4335
10/22/2013,35.02,35.099998,34.52,34.580002,34.580002,40.4385
10/23/2013,34.349998,34.490002,33.669998,33.759998,33.759998,58.6005
10/24/2013,33.82,34.099998,33.57,33.720001,33.720001,53.2097
10/25/2013,35.880001,36.290001,35.470001,35.73,35.73,113.494
10/28/2013,35.610001,35.73,35.27,35.57,35.57,38.3836
10/29/2013,35.630001,35.720001,35.259998,35.52,35.52,31.7022
10/30/2013,35.529999,35.790001,35.43,35.540001,35.540001,36.9977
10/31/2013,35.66,35.689999,35.34,35.41,35.41,41.6823
11/1/2013,35.669998,35.689999,35.389999,35.529999,35.529999,40.2646
11/4/2013,35.59,35.98,35.549999,35.939999,35.939999,28.0607
11/5/2013,35.790001,36.709999,35.77,36.639999,36.639999,51.6819
11/6/2013,37.240002,38.220001,37.060001,38.18,38.18,88.9488
11/7/2013,37.959999,38.009998,37.43,37.5,37.5,60.4374
11/8/2013,37.669998,37.779999,37.34,37.779999,37.779999,36.7378
11/11/2013,37.689999,37.779999,37.349998,37.59,37.59,26.8725
11/12/2013,37.380001,37.599998,37.200001,37.360001,37.360001,31.6516
11/13/2013,36.98,38.16,36.900002,38.16,38.16,44.9576
11/14/2013,37.869999,38.130001,37.720001,38.02,38.02,46.1837
11/15/2013,37.950001,38.02,37.720001,37.84,37.84,50.6013
11/18/2013,37.349998,37.580002,37.07,37.200001,37.200001,53.2775
11/19/2013,36.849998,37.23,36.669998,36.740002,36.740002,44.275
11/20/2013,36.919998,37.41,36.860001,37.080002,37.080002,32.2299
11/21/2013,37.27,37.529999,37.259998,37.400002,37.400002,23.0647
11/22/2013,37.529999,37.68,37.330002,37.57,37.57,27.982
11/25/2013,37.93,37.950001,37.57,37.639999,37.639999,30.6468
11/26/2013,37.57,37.650002,37.349998,37.349998,37.349998,34.4653
11/27/2013,37.57,37.759998,37.490002,37.599998,37.599998,26.0021
11/29/2013,37.82,38.290001,37.82,38.130001,38.130001,22.0904
12/2/2013,38.09,38.779999,38.060001,38.450001,38.450001,42.9504
12/3/2013,38.139999,38.490002,38.080002,38.310001,38.310001,52.1098
12/4/2013,38.209999,38.98,38.119999,38.939999,38.939999,51.9836
12/5/2013,38.849998,38.880001,37.18,38,38,116.305
12/6/2013,38.419998,38.549999,37.990002,38.360001,38.360001,36.4573
12/9/2013,38.560001,38.869999,38.369999,38.709999,38.709999,30.286
12/10/2013,38.610001,38.900002,38.02,38.110001,38.110001,37.8286
12/11/2013,38.060001,38.299999,37.389999,37.610001,37.610001,39.8534
12/12/2013,37.639999,37.639999,37.18,37.220001,37.220001,36.0128
12/13/2013,37.419998,37.450001,36.619999,36.689999,36.689999,40.0661
12/16/2013,36.73,37,36.540001,36.889999,36.889999,31.7342
12/17/2013,36.939999,37.110001,36.330002,36.52,36.52,45.6877
12/18/2013,36.360001,36.599998,35.529999,36.580002,36.580002,63.1921
12/19/2013,36.509998,36.549999,36.080002,36.25,36.25,34.1601
12/20/2013,36.200001,36.93,36.189999,36.799999,36.799999,62.6491
12/23/2013,36.810001,36.889999,36.549999,36.619999,36.619999,25.1287
12/24/2013,36.720001,37.169998,36.639999,37.080002,37.080002,14.243
12/26/2013,37.200001,37.490002,37.169998,37.439999,37.439999,17.6128
12/27/2013,37.580002,37.619999,37.169998,37.290001,37.290001,14.563
12/30/2013,37.220001,37.380001,36.900002,37.290001,37.290001,16.2905
12/31/2013,37.400002,37.580002,37.220001,37.41,37.41,17.5035
1/2/2014,37.349998,37.400002,37.099998,37.16,37.16,30.6322
1/3/2014,37.200001,37.220001,36.599998,36.91,36.91,31.1348
1/6/2014,36.849998,36.889999,36.110001,36.130001,36.130001,43.6037
1/7/2014,36.330002,36.490002,36.209999,36.41,36.41,35.8028
1/8/2014,36,36.139999,35.580002,35.759998,35.759998,59.9717
1/9/2014,35.880001,35.91,35.400002,35.529999,35.529999,36.5163
1/10/2014,35.900002,36.150002,35.75,36.040001,36.040001,40.5488
1/13/2014,35.990002,36.02,34.830002,34.98,34.98,45.9019
1/14/2014,34.73,35.880001,34.630001,35.779999,35.779999,41.6233
1/15/2014,35.900002,36.790001,35.849998,36.759998,36.759998,44.8126
1/16/2014,36.689999,37,36.310001,36.889999,36.889999,38.0187
1/17/2014,36.830002,36.830002,36.150002,36.380001,36.380001,46.2675
1/21/2014,36.82,36.82,36.060001,36.169998,36.169998,31.5673
1/22/2014,36.259998,36.32,35.75,35.93,35.93,21.9043
1/23/2014,36.09,36.130001,35.52,36.060001,36.060001,43.954
1/24/2014,37.450001,37.549999,36.529999,36.810001,36.810001,76.3955
1/27/2014,36.869999,36.889999,35.98,36.029999,36.029999,44.4208
1/28/2014,36.119999,36.389999,35.75,36.27,36.27,36.2055
1/29/2014,35.98,36.880001,35.900002,36.66,36.66,52.7459
1/30/2014,36.790001,36.880001,36.23,36.860001,36.860001,35.0363
1/31/2014,36.950001,37.889999,36.560001,37.84,37.84,93.1623
2/3/2014,37.740002,37.990002,36.43,36.48,36.48,64.0631
2/4/2014,36.970001,37.189999,36.25,36.349998,36.349998,54.6979
2/5/2014,36.290001,36.470001,35.799999,35.82,35.82,55.8144
2/6/2014,35.799999,36.25,35.689999,36.18,36.18,35.3518
2/7/2014,36.32,36.59,36.009998,36.560001,36.560001,33.2605
2/10/2014,36.630001,36.799999,36.290001,36.799999,36.799999,26.767
2/11/2014,36.880001,37.259998,36.860001,37.169998,37.169998,32.1414
2/12/2014,37.349998,37.599998,37.299999,37.470001,37.470001,27.0518
2/13/2014,37.330002,37.860001,37.330002,37.610001,37.610001,37.6355
2/14/2014,37.389999,37.779999,37.330002,37.619999,37.619999,31.4075
2/18/2014,37.630001,37.779999,37.41,37.419998,37.419998,32.834
2/19/2014,37.220001,37.75,37.209999,37.509998,37.509998,29.7504
2/20/2014,37.57,37.869999,37.400002,37.75,37.75,27.5261
2/21/2014,37.939999,38.349998,37.860001,37.98,37.98,38.0213
2/24/2014,37.689999,37.98,37.540001,37.689999,37.689999,32.0851
2/25/2014,37.610001,37.849998,37.349998,37.540001,37.540001,30.7365
2/26/2014,37.580002,37.740002,37.189999,37.470001,37.470001,41.0418
2/27/2014,37.450001,37.889999,37.23,37.860001,37.860001,33.9034
2/28/2014,37.98,38.459999,37.82,38.310001,38.310001,41.215
3/3/2014,37.919998,38.130001,37.490002,37.779999,37.779999,29.7175
3/4/2014,38.200001,38.48,38.07,38.41,38.41,26.8024
3/5/2014,38.25,38.27,37.93,38.110001,38.110001,20.5201
3/6/2014,38.139999,38.240002,37.889999,38.150002,38.150002,23.5822
3/7/2014,38.279999,38.360001,37.689999,37.900002,37.900002,26.5916
3/10/2014,37.990002,38.009998,37.720001,37.82,37.82,19.0066
3/11/2014,37.869999,38.23,37.720001,38.02,38.02,25.2164
3/12/2014,37.799999,38.43,37.790001,38.27,38.27,30.4941
3/13/2014,38.419998,38.450001,37.639999,37.889999,37.889999,32.1697
3/14/2014,37.650002,38.139999,37.509998,37.700001,37.700001,27.1956
3/17/2014,37.900002,38.41,37.790001,38.049999,38.049999,20.4796
3/18/2014,38.259998,39.900002,38.220001,39.549999,39.549999,64.0639
3/19/2014,39.470001,39.549999,38.91,39.27,39.27,35.5972
3/20/2014,39.25,40.650002,39.240002,40.330002,40.330002,59.2698
3/21/2014,40.720001,40.939999,40.009998,40.16,40.16,80.7218
3/24/2014,40.34,40.639999,39.860001,40.5,40.5,46.0984
3/25/2014,40.66,40.990002,39.959999,40.34,40.34,43.1931
3/26/2014,40.48,40.709999,39.599998,39.790001,39.790001,41.9775
3/27/2014,39.740002,39.970001,39.34,39.360001,39.360001,35.3692
3/28/2014,39.790001,40.639999,39.68,40.299999,40.299999,43.4727
3/31/2014,40.43,41.5,40.400002,40.990002,40.990002,46.8863
4/1/2014,41.150002,41.59,41.07,41.419998,41.419998,32.605
4/2/2014,41.439999,41.66,41.169998,41.349998,41.349998,28.6667
4/3/2014,41.290001,41.290001,40.709999,41.009998,41.009998,30.1396
4/4/2014,41.25,41.389999,39.639999,39.869999,39.869999,51.4096
4/7/2014,39.959999,40.27,39.740002,39.799999,39.799999,37.5596
4/8/2014,39.75,39.93,39.200001,39.82,39.82,35.9186
4/9/2014,39.93,40.549999,39.880001,40.470001,40.470001,27.3987
4/10/2014,40.439999,40.689999,39.09,39.360001,39.360001,45.9608
4/11/2014,39,39.790001,39,39.209999,39.209999,34.3302
4/14/2014,39.110001,39.41,38.900002,39.18,39.18,32.0066
4/15/2014,39.34,39.959999,39.049999,39.75,39.75,33.9687
4/16/2014,40.060001,40.419998,39.91,40.400002,40.400002,30.6158
4/17/2014,40.009998,40.200001,39.509998,40.009998,40.009998,36.6884
4/21/2014,40.130001,40.150002,39.790001,39.939999,39.939999,22.2212
4/22/2014,39.959999,40.139999,39.830002,39.990002,39.990002,27.0567
4/23/2014,39.990002,39.990002,39.470001,39.689999,39.689999,24.6028
4/24/2014,39.740002,39.970001,39.299999,39.860001,39.860001,42.3816
4/25/2014,40.290001,40.68,39.75,39.91,39.91,56.8768
4/28/2014,40.139999,41.290001,40.09,40.869999,40.869999,50.6102
4/29/2014,41.099998,41.189999,40.389999,40.509998,40.509998,29.6362
4/30/2014,40.400002,40.5,40.169998,40.400002,40.400002,35.4587
5/1/2014,40.240002,40.360001,39.950001,40,40,28.7874
5/2/2014,40.310001,40.34,39.66,39.689999,39.689999,43.4166
5/5/2014,39.52,39.639999,39.299999,39.43,39.43,22.4609
5/6/2014,39.290001,39.349998,38.950001,39.060001,39.060001,27.1124
5/7/2014,39.220001,39.509998,38.509998,39.419998,39.419998,41.7445
5/8/2014,39.34,39.900002,38.970001,39.639999,39.639999,32.1204
5/9/2014,39.540001,39.849998,39.369999,39.540001,39.540001,29.6476
5/12/2014,39.740002,40.02,39.650002,39.970001,39.970001,22.7826
5/13/2014,39.919998,40.5,39.849998,40.419998,40.419998,27.0048
5/14/2014,40.299999,40.450001,40.049999,40.240002,40.240002,18.8187
5/15/2014,40.09,40.400002,39.509998,39.599998,39.599998,37.7932
5/16/2014,39.669998,39.84,39.27,39.830002,39.830002,29.8671
5/19/2014,39.610001,39.82,39.459999,39.75,39.75,24.5374
5/20/2014,39.68,39.939999,39.459999,39.68,39.68,21.3209
5/21/2014,39.799999,40.349998,39.740002,40.349998,40.349998,22.3987
5/22/2014,40.290001,40.349998,39.849998,40.099998,40.099998,20.2018
5/23/2014,40.369999,40.369999,40,40.119999,40.119999,18.02
5/27/2014,40.259998,40.259998,39.810001,40.189999,40.189999,26.1606
5/28/2014,40.139999,40.189999,39.82,40.009998,40.009998,25.7115
5/29/2014,40.150002,40.349998,39.91,40.34,40.34,19.8882
5/30/2014,40.450001,40.970001,40.25,40.939999,40.939999,34.5676
6/2/2014,40.950001,41.09,40.68,40.790001,40.790001,18.5043
6/3/2014,40.599998,40.68,40.25,40.290001,40.290001,18.0689
6/4/2014,40.209999,40.369999,39.860001,40.32,40.32,23.209
6/5/2014,40.59,41.25,40.400002,41.209999,41.209999,31.8652
6/6/2014,41.48,41.66,41.240002,41.48,41.48,24.0605
6/9/2014,41.389999,41.48,41.02,41.27,41.27,15.0192
6/10/2014,41.029999,41.16,40.860001,41.110001,41.110001,15.1177
6/11/2014,40.93,41.07,40.77,40.860001,40.860001,18.04
6/12/2014,40.810001,40.880001,40.290001,40.580002,40.580002,29.8189
6/13/2014,41.099998,41.57,40.860001,41.23,41.23,26.31
6/16/2014,41.040001,41.610001,41.040001,41.5,41.5,24.2053
6/17/2014,41.290001,41.91,40.34,41.68,41.68,22.5186
6/18/2014,41.610001,41.740002,41.18,41.650002,41.650002,27.097
6/19/2014,41.57,41.77,41.330002,41.509998,41.509998,19.8282
6/20/2014,41.450001,41.830002,41.380001,41.68,41.68,47.7649
6/23/2014,41.73,42,41.689999,41.990002,41.990002,18.7439
6/24/2014,41.830002,41.939999,41.560001,41.75,41.75,26.5091
6/25/2014,41.700001,42.049999,41.459999,42.029999,42.029999,20.0491
6/26/2014,41.93,41.939999,41.43,41.720001,41.720001,23.6044
6/27/2014,41.610001,42.290001,41.509998,42.25,42.25,74.64
6/30/2014,42.169998,42.209999,41.700001,41.700001,41.700001,30.7931
7/1/2014,41.860001,42.150002,41.689999,41.869999,41.869999,26.917
7/2/2014,41.73,41.900002,41.529999,41.900002,41.900002,20.2081
7/3/2014,41.91,41.990002,41.560001,41.799999,41.799999,15.9693
,,,,,,
,,,,,,
,,,,,,
,,,,,,
,,,,,,
,,,,,,
,,,,,,
,,,,,,
,,,,,,
,,,,,,
,,,,,,
,,,,,,
,,,,,,
,,,,,,
,,,,,,
,,,,,,
,,,,,,
,,,,,,
,,,,,,
,,,,,,
,,,,,,
,,,,,,
,,,,,,
,,,,,,
,,,,,,
,,,,,,
,,,,,,
,,,,,,
,,,,,,
,,,,,,
,,,,,,
,,,,,,
,,,,,,
,,,,,,
,,,,,,
,,,,,,
,,,,,,
,,,,,,
,,,,,,
,,,,,,
,,,,,,
,,,,,,
,,,,,,
,,,,,,
,,,,,,
,,,,,,
,,,,,,
,,,,,,
,,,,,,
,,,,,,
,,,,,,
,,,,,,
,,,,,,
,,,,,,
,,,,,,
,,,,,,
,,,,,,
,,,,,,
,,,,,,
,,,,,,
,,,,,,
,,,,,,
,,,,,,
,,,,,,
,,,,,,
,,,,,,
,,,,,,
,,,,,,
,,,,,,
,,,,,,
,,,,,,
,,,,,,
,,,,,,
,,,,,,
,,,,,,
,,,,,,
,,,,,,
,,,,,,
,,,,,,
,,,,,,
,,,,,,
,,,,,,
,,,,,,
,,,,,,
,,,,,,
,,,,,,
,,,,,,
,,,,,,
,,,,,,
,,,,,,
,,,,,,
,,,,,,
,,,,,,
,,,,,,
,,,,,,
,,,,,,
,,,,,,
,,,,,,
,,,,,,
,,,,,,
,,,,,,
,,,,,,
,,,,,,
,,,,,,
,,,,,,
,,,,,,
,,,,,,
,,,,,,
,,,,,,
,,,,,,
,,,,,,
,,,,,,
,,,,,,
,,,,,,
,,,,,,
,,,,,,
,,,,,,
,,,,,,
,,,,,,
,,,,,,
,,,,,,
,,,,,,
,,,,,,
,,,,,,
,,,,,,
,,,,,,
,,,,,,
,,,,,,
,,,,,,
,,,,,,
,,,,,,
,,,,,,
,,,,,,
,,,,,,
,,,,,,
,,,,,,
,,,,,,
,,,,,,
,,,,,,
,,,,,,
,,,,,,
,,,,,,
,,,,,,
,,,,,,
,,,,,,
,,,,,,
,,,,,,
,,,,,,
,,,,,,
,,,,,,
,,,,,,
,,,,,,
,,,,,,
,,,,,,
,,,,,,
,,,,,,
,,,,,,
,,,,,,
,,,,,,
,,,,,,
,,,,,,
,,,,,,
,,,,,,
,,,,,,
,,,,,,
,,,,,,
,,,,,,
,,,,,,
,,,,,,
,,,,,,
,,,,,,
,,,,,,
,,,,,,
,,,,,,
,,,,,,
,,,,,,
,,,,,,
,,,,,,
,,,,,,
,,,,,,
,,,,,,
,,,,,,
,,,,,,
,,,,,,
,,,,,,
,,,,,,
,,,,,,
,,,,,,
,,,,,,
,,,,,,
,,,,,,
,,,,,,
,,,,,,
,,,,,,
,,,,,,
,,,,,,
,,,,,,
,,,,,,
,,,,,,
,,,,,,
,,,,,,
,,,,,,
,,,,,,
,,,,,,
,,,,,,
,,,,,,
,,,,,,
,,,,,,
,,,,,,
,,,,,,
,,,,,,
,,,,,,
,,,,,,
,,,,,,
,,,,,,
,,,,,,
,,,,,,
,,,,,,
,,,,,,
,,,,,,
,,,,,,
,,,,,,
,,,,,,
,,,,,,
,,,,,,
,,,,,,
,,,,,,
,,,,,,
,,,,,,
,,,,,,
,,,,,,
,,,,,,
,,,,,,
,,,,,,
,,,,,,
,,,,,,
,,,,,,
,,,,,,
,,,,,,
,,,,,,
,,,,,,
,,,,,,
,,,,,,
,,,,,,
,,,,,,
,,,,,,
,,,,,,
,,,,,,
,,,,,,
,,,,,,
,,,,,,
,,,,,,
,,,,,,
,,,,,,
,,,,,,
,,,,,,
,,,,,,
,,,,,,
,,,,,,
,,,,,,
,,,,,,
,,,,,,
,,,,,,
,,,,,,
,,,,,,
,,,,,,
,,,,,,
,,,,,,
,,,,,,
,,,,,,
,,,,,,
,,,,,,
,,,,,,
,,,,,,
,,,,,,
,,,,,,
,,,,,,
,,,,,,
,,,,,,
,,,,,,
,,,,,,
,,,,,,
,,,,,,
,,,,,,
,,,,,,
,,,,,,
,,,,,,
,,,,,,
,,,,,,
,,,,,,
,,,,,,
,,,,,,
,,,,,,
,,,,,,
,,,,,,
,,,,,,
,,,,,,
,,,,,,
,,,,,,
,,,,,,
,,,,,,
,,,,,,
,,,,,,
,,,,,,
,,,,,,
,,,,,,
,,,,,,
,,,,,,
,,,,,,
,,,,,,
,,,,,,
,,,,,,
,,,,,,
,,,,,,
,,,,,,
,,,,,,
,,,,,,
,,,,,,
,,,,,,
,,,,,,
,,,,,,
,,,,,,
,,,,,,
,,,,,,
,,,,,,
,,,,,,
,,,,,,
,,,,,,
,,,,,,
,,,,,,
,,,,,,
,,,,,,
,,,,,,
,,,,,,
,,,,,,
,,,,,,
,,,,,,
,,,,,,
,,,,,,
,,,,,,
,,,,,,
,,,,,,
,,,,,,
,,,,,,
,,,,,,
,,,,,,
,,,,,,
,,,,,,
,,,,,,
,,,,,,
,,,,,,
,,,,,,
,,,,,,
,,,,,,
,,,,,,
,,,,,,
,,,,,,
,,,,,,
,,,,,,
,,,,,,
,,,,,,
,,,,,,
,,,,,,
,,,,,,
,,,,,,
,,,,,,
,,,,,,
,,,,,,
,,,,,,
,,,,,,
,,,,,,
,,,,,,
,,,,,,
,,,,,,
,,,,,,
,,,,,,
,,,,,,
,,,,,,
,,,,,,
,,,,,,
,,,,,,
,,,,,,
,,,,,,
,,,,,,
,,,,,,
,,,,,,
,,,,,,
,,,,,,
,,,,,,
,,,,,,
,,,,,,
,,,,,,
,,,,,,
,,,,,,
,,,,,,
,,,,,,
,,,,,,
,,,,,,
,,,,,,
,,,,,,
,,,,,,
,,,,,,
,,,,,,
,,,,,,
,,,,,,
,,,,,,
,,,,,,
,,,,,,
,,,,,,
,,,,,,
,,,,,,
,,,,,,
,,,,,,
,,,,,,
,,,,,,
,,,,,,
,,,,,,
,,,,,,
,,,,,,
,,,,,,
,,,,,,
,,,,,,
,,,,,,
,,,,,,
,,,,,,
,,,,,,
,,,,,,
,,,,,,
,,,,,,
,,,,,,
,,,,,,
,,,,,,
,,,,,,
,,,,,,
,,,,,,
,,,,,,
,,,,,,
,,,,,,
,,,,,,
,,,,,,
,,,,,,
,,,,,,
,,,,,,
,,,,,,
,,,,,,
,,,,,,
,,,,,,
,,,,,,
,,,,,,
,,,,,,
,,,,,,
,,,,,,
,,,,,,
,,,,,,
,,,,,,
,,,,,,
,,,,,,
,,,,,,
,,,,,,
,,,,,,
,,,,,,
,,,,,,
,,,,,,
,,,,,,
,,,,,,
,,,,,,
,,,,,,
,,,,,,
,,,,,,
,,,,,,
,,,,,,
,,,,,,
,,,,,,
,,,,,,
,,,,,,
,,,,,,
,,,,,,
,,,,,,
,,,,,,
,,,,,,
,,,,,,
,,,,,,
,,,,,,
,,,,,,
,,,,,,
,,,,,,
,,,,,,
,,,,,,
,,,,,,
,,,,,,
,,,,,,
,,,,,,
,,,,,,
,,,,,,
,,,,,,
,,,,,,
,,,,,,
,,,,,,
,,,,,,
,,,,,,
,,,,,,
,,,,,,
,,,,,,
,,,,,,
,,,,,,
,,,,,,
,,,,,,
,,,,,,
,,,,,,
,,,,,,
,,,,,,
,,,,,,
,,,,,,
,,,,,,
,,,,,,
,,,,,,
,,,,,,
,,,,,,
,,,,,,
,,,,,,
,,,,,,
,,,,,,
,,,,,,
,,,,,,
,,,,,,
,,,,,,
,,,,,,
,,,,,,
,,,,,,
,,,,,,
,,,,,,
,,,,,,
,,,,,,
,,,,,,
,,,,,,
,,,,,,
,,,,,,
,,,,,,
,,,,,,
,,,,,,
,,,,,,
,,,,,,
,,,,,,
,,,,,,
,,,,,,
,,,,,,
,,,,,,
,,,,,,
,,,,,,
,,,,,,
,,,,,,
,,,,,,
,,,,,,
,,,,,,
,,,,,,
,,,,,,
,,,,,,
,,,,,,
,,,,,,
,,,,,,
,,,,,,
,,,,,,
,,,,,,
,,,,,,
,,,,,,
,,,,,,
,,,,,,
,,,,,,
,,,,,,
,,,,,,
,,,,,,
,,,,,,
,,,,,,
,,,,,,
,,,,,,
,,,,,,
,,,,,,
,,,,,,
,,,,,,
,,,,,,
,,,,,,
,,,,,,
,,,,,,
,,,,,,
,,,,,,
,,,,,,
,,,,,,
,,,,,,
,,,,,,
,,,,,,
,,,,,,
,,,,,,
,,,,,,
,,,,,,
,,,,,,
,,,,,,
,,,,,,
,,,,,,
,,,,,,
,,,,,,
,,,,,,
,,,,,,
,,,,,,
,,,,,,
,,,,,,
,,,,,,
,,,,,,
,,,,,,
,,,,,,
,,,,,,
,,,,,,
,,,,,,
,,,,,,
,,,,,,
,,,,,,
,,,,,,
,,,,,,
,,,,,,
,,,,,,
,,,,,,
,,,,,,
,,,,,,
,,,,,,
,,,,,,
,,,,,,
,,,,,,
,,,,,,
,,,,,,
,,,,,,
